dispatching_base_num,pickup_datetime,dropoff_datetime,PULocationID,DOLocationID,SR_Flag,Affiliated_base_number
B00009,01-01-2021 00:27,01-01-2021 00:44,,,,B00009
B00009,01-01-2021 00:50,01-01-2021 01:07,,,,B00009
B00013,01-01-2021 00:01,01-01-2021 01:51,,,,B00013
B00037,01-01-2021 00:13,01-01-2021 00:21,,72,,B00037
B00037,01-01-2021 00:38,01-01-2021 00:53,,61,,B00037
B00037,01-01-2021 00:59,01-01-2021 01:08,,71,,B00037
B00037,01-01-2021 00:18,01-01-2021 00:30,,91,,B00037
B00037,01-01-2021 00:36,01-01-2021 00:45,,39,,B00037
B00037,01-01-2021 00:55,01-01-2021 01:13,,37,,B00037
B00037,01-01-2021 00:48,01-01-2021 01:12,,39,,B00037
B00037,01-01-2021 00:27,01-01-2021 00:29,,72,,B00037
B00037,01-01-2021 00:39,01-01-2021 00:43,,72,,B00037
B00037,01-01-2021 00:55,01-01-2021 01:10,,89,,B00037
B00095,01-01-2021 00:17,01-01-2021 00:20,,177,,B00095
B00095,01-01-2021 00:31,01-01-2021 00:42,,225,,B00095
B00095,01-01-2021 00:46,01-01-2021 00:57,,63,,B00095
B00111,01-01-2021 00:40,01-01-2021 01:41,,,,B03234
B00112,01-01-2021 00:21,01-01-2021 00:42,,67,,B00112
B00112,01-01-2021 00:53,01-01-2021 01:03,,22,,B00112
B00112,01-01-2021 00:28,01-01-2021 00:28,,14,,B00112
B00112,01-01-2021 00:42,01-01-2021 01:15,,61,,B00112
B00112,01-01-2021 00:25,01-01-2021 00:26,,14,,B00112
B00112,01-01-2021 00:54,01-01-2021 01:18,,14,,B00112
B00112,01-01-2021 00:21,01-01-2021 00:51,,14,,B00112
B00131,01-01-2021 00:44,01-01-2021 00:44,,255,,B00131
B00149,01-01-2021 00:08,01-01-2021 00:16,,188,,B00149
B00149,01-01-2021 00:29,01-01-2021 00:35,,72,,B00149
B00149,01-01-2021 00:44,01-01-2021 00:51,,225,,B00149
B00149,01-01-2021 00:59,01-01-2021 01:08,,61,,B00149
B00149,01-01-2021 00:07,01-01-2021 00:16,,72,,B00149
B00149,01-01-2021 00:21,01-01-2021 00:35,,61,,B00149
B00149,01-01-2021 00:42,01-01-2021 00:55,,35,,B00149
B00221,01-01-2021 00:23,01-01-2021 00:23,,265,,B00221
B00221,01-01-2021 00:49,01-01-2021 00:58,,14,,B00221
B00225,01-01-2021 00:57,01-01-2021 01:13,,63,,B00053
B00225,01-01-2021 00:55,01-01-2021 01:23,,122,,B02876
B00225,01-01-2021 00:18,01-01-2021 00:41,,168,,B02884
B00225,01-01-2021 00:15,01-01-2021 00:33,,61,,B02765
B00225,01-01-2021 00:43,01-01-2021 00:53,,77,,B02765
B00254,01-01-2021 00:21,01-01-2021 00:27,236,237,,B00254
B00256,01-01-2021 00:26,01-01-2021 00:30,,,,B00256
B00256,01-01-2021 00:39,01-01-2021 00:44,,,,B00256
B00256,01-01-2021 00:29,01-01-2021 00:35,,,,B00256
B00256,01-01-2021 00:37,01-01-2021 00:56,,,,B00256
B00256,01-01-2021 00:13,01-01-2021 00:33,,,,B00256
B00256,01-01-2021 00:34,01-01-2021 01:14,,,,B00256
B00256,01-01-2021 00:59,01-01-2021 01:46,,,,B00256
B00256,01-01-2021 00:59,01-01-2021 01:22,,,,B00256
B00256,01-01-2021 00:34,01-01-2021 01:08,,,,B00256
B00256,01-01-2021 00:10,01-01-2021 00:23,,,,B00256
B00256,01-01-2021 00:27,01-01-2021 00:49,,,,B00887
B00290         ,01-01-2021 00:51,01-01-2021 01:04,196,196,,B00290         
B00310,01-01-2021 00:08,01-01-2021 00:18,,60,,B00310
B00310,01-01-2021 00:21,01-01-2021 00:28,,126,,B00310
B00310,01-01-2021 00:54,01-01-2021 01:06,,119,,B00310
B00310,01-01-2021 00:30,01-01-2021 00:46,,169,,B02875
B00310,01-01-2021 00:59,01-01-2021 01:13,,254,,B02875
B00310,01-01-2021 00:11,01-01-2021 00:14,,213,,B00310
B00310,01-01-2021 00:43,01-01-2021 01:30,,174,,B02878
B00310,01-01-2021 00:15,01-01-2021 00:18,,248,,B00310
B00310,01-01-2021 00:26,01-01-2021 00:31,,213,,B00310
B00310,01-01-2021 00:02,01-01-2021 00:23,,259,,B02864
B00310,01-01-2021 00:41,01-01-2021 00:59,,42,,B02864
B00310,01-01-2021 00:39,01-01-2021 00:41,,248,,B00310
B00310,01-01-2021 00:45,01-01-2021 00:49,,213,,B00310
B00310,01-01-2021 00:09,01-01-2021 00:23,,168,,B02878
B00310,01-01-2021 00:45,01-01-2021 00:59,,32,,B00310
B00310,01-01-2021 00:19,01-01-2021 00:25,,18,,B02889
B00310,01-01-2021 00:33,01-01-2021 00:56,,126,,B02889
B00310,01-01-2021 00:08,01-01-2021 00:21,,127,,B02880
B00310,01-01-2021 00:32,01-01-2021 00:52,,69,,B02880
B00310,01-01-2021 00:58,01-01-2021 01:19,,121,,B02880
B00310,01-01-2021 00:04,01-01-2021 00:18,,240,,B02864
B00310,01-01-2021 00:39,01-01-2021 00:56,,168,,B02864
B00310,01-01-2021 00:13,01-01-2021 00:25,,248,,B02878
B00310,01-01-2021 00:30,01-01-2021 00:37,,20,,B02878
B00310,01-01-2021 00:47,01-01-2021 01:00,,242,,B02878
B00310,01-01-2021 00:10,01-01-2021 00:24,,200,,B02847
B00310,01-01-2021 00:40,01-01-2021 00:49,,182,,B02847
B00310,01-01-2021 00:40,01-01-2021 00:50,,208,,B03036
B00310,01-01-2021 00:56,01-01-2021 01:08,,168,,B03036
B00310,01-01-2021 00:09,01-01-2021 00:19,,169,,B02875
B00310,01-01-2021 00:30,01-01-2021 00:47,,168,,B02875
B00350,01-01-2021 00:41,01-01-2021 00:46,,70,,B03085
B00350,01-01-2021 00:52,01-01-2021 00:55,,70,,B03085
B00350,01-01-2021 00:54,01-01-2021 01:03,,129,,B00350
B00350,01-01-2021 00:43,01-01-2021 01:05,,77,,B00350
B00419,01-01-2021 00:00,01-01-2021 00:00,60,60,,B00419
B00419,01-01-2021 00:14,01-01-2021 00:14,241,241,,B00419
B00419,01-01-2021 00:21,01-01-2021 00:21,18,18,,B00419
B00419,01-01-2021 00:34,01-01-2021 00:34,159,159,,B00419
B00445,01-01-2021 00:27,01-01-2021 00:42,252,16,,B00445
B00445,01-01-2021 00:36,01-01-2021 00:40,15,252,,B00445
B00449,01-01-2021 00:47,01-01-2021 00:56,165,,,B01751
B00457,01-01-2021 00:54,01-01-2021 01:11,,42,,B00457
B00457,01-01-2021 00:32,01-01-2021 00:45,,223,,B00457
B00457,01-01-2021 00:02,01-01-2021 00:23,,78,,B00457
B00457,01-01-2021 00:36,01-01-2021 00:50,,254,,B00457
B00457,01-01-2021 00:56,01-01-2021 01:09,,136,,B00457
B00457,01-01-2021 00:08,01-01-2021 00:23,,254,,B00457
B00457,01-01-2021 00:49,01-01-2021 01:04,,167,,B00457
B00625         ,01-01-2021 00:19,01-01-2021 00:30,70,173,,B00625         
B00625         ,01-01-2021 00:50,01-01-2021 00:56,173,173,,B00625         
B00625         ,01-01-2021 00:25,01-01-2021 00:47,260,82,,B00625         
B00628,01-01-2021 00:38,01-01-2021 00:43,143,142,,B00628
B00647,01-01-2021 00:15,01-01-2021 00:22,,18,,B00647
B00647,01-01-2021 00:33,01-01-2021 00:45,,169,,B00647
B00647,01-01-2021 00:14,01-01-2021 00:23,,159,,B00647
B00647,01-01-2021 00:00,01-01-2021 00:11,,168,,B00647
B00647,01-01-2021 00:16,01-01-2021 00:32,,136,,B00647
B00647,01-01-2021 00:38,01-01-2021 00:46,,18,,B00647
B00647,01-01-2021 00:14,01-01-2021 00:17,,254,,B00647
B00647,01-01-2021 00:54,01-01-2021 01:10,,244,,B00647
B00647,01-01-2021 00:02,01-01-2021 00:14,,147,,B00647
B00647,01-01-2021 00:22,01-01-2021 00:42,,116,,B00647
B00706,01-01-2021 00:12,01-01-2021 00:19,115,206,,B00706
B00706,01-01-2021 00:23,01-01-2021 00:28,221,115,,B00706
B00706,01-01-2021 00:36,01-01-2021 00:46,115,245,,B00706
B00706,01-01-2021 00:51,01-01-2021 00:56,206,206,,B00706
B00706,01-01-2021 00:00,01-01-2021 00:05,221,221,,B00706
B00706,01-01-2021 00:16,01-01-2021 00:37,206,187,,B00706
B00706,01-01-2021 00:18,01-01-2021 00:25,206,206,,B00706
B00706,01-01-2021 00:44,01-01-2021 00:51,221,206,,B00706
B00706,01-01-2021 00:34,01-01-2021 00:52,206,187,,B00706
B00706,01-01-2021 00:05,01-01-2021 00:17,206,187,,B00706
B00706,01-01-2021 00:34,01-01-2021 00:39,206,206,,B00706
B00706,01-01-2021 00:57,01-01-2021 01:05,206,221,,B00706
B00706,01-01-2021 00:18,01-01-2021 00:30,206,221,,B00706
B00706,01-01-2021 00:43,01-01-2021 00:55,115,206,,B00706
B00706,01-01-2021 00:57,01-01-2021 01:02,206,221,,B00706
B00706,01-01-2021 00:44,01-01-2021 00:55,206,221,,B00706
B00756,01-01-2021 00:32,01-01-2021 00:37,,,,B00756
B00756,01-01-2021 00:45,01-01-2021 00:55,,,,B00756
B00756,01-01-2021 00:16,01-01-2021 00:34,,,,B02872
B00756,01-01-2021 00:46,01-01-2021 01:03,,,,B02872
B00756,01-01-2021 00:57,01-01-2021 01:08,,,,B02872
B00811,01-01-2021 00:28,01-01-2021 00:39,,78,,B00811
B00811,01-01-2021 00:45,01-01-2021 00:49,,60,,B00811
B00811,01-01-2021 00:54,01-01-2021 00:57,,60,,B00811
B00821,01-01-2021 00:41,01-01-2021 00:48,,76,,B00821
B00821,01-01-2021 00:55,01-01-2021 01:01,,63,,B00821
B00821,01-01-2021 00:21,01-01-2021 00:30,,63,,B00821
B00821,01-01-2021 00:38,01-01-2021 00:58,,258,,B00821
B00821,01-01-2021 00:28,01-01-2021 00:56,,210,,B01469
B00821,01-01-2021 00:26,01-01-2021 00:28,,63,,B02765
B00821,01-01-2021 00:48,01-01-2021 00:54,,76,,B02765
B00821,01-01-2021 00:17,01-01-2021 00:24,,72,,B02871
B00821,01-01-2021 00:36,01-01-2021 01:16,,17,,B02871
B00821,01-01-2021 00:20,01-01-2021 00:40,,76,,B03255
B00821,01-01-2021 00:42,01-01-2021 00:54,,63,,B03255
B00821,01-01-2021 00:08,01-01-2021 00:13,,63,,B02872
B00821,01-01-2021 00:50,01-01-2021 00:57,,37,,B00821
B00821,01-01-2021 00:22,01-01-2021 00:30,,258,,B00821
B00821,01-01-2021 00:48,01-01-2021 01:04,,70,,B00821
B00823,01-01-2021 00:40,01-01-2021 00:58,181,189,,B02207
B00823,01-01-2021 00:01,01-01-2021 00:22,189,181,,B02878
B00823,01-01-2021 00:18,01-01-2021 00:38,181,228,,B02878
B00823,01-01-2021 00:00,01-01-2021 00:37,166,228,,B02207
B00856,01-01-2021 00:19,01-01-2021 00:31,,89,,B02872
B00856,01-01-2021 00:51,01-01-2021 01:09,,17,,B02872
B00856,01-01-2021 00:04,01-01-2021 00:11,,76,,B01614
B00856,01-01-2021 00:20,01-01-2021 00:24,,222,,B01614
B00856,01-01-2021 00:39,01-01-2021 00:51,,76,,B01614
B00856,01-01-2021 00:57,01-01-2021 01:00,,76,,B01614
B00856,01-01-2021 00:54,01-01-2021 01:03,,35,,B02822
B00856,01-01-2021 00:20,01-01-2021 00:27,,76,,B02869
B00856,01-01-2021 00:02,01-01-2021 00:05,,247,,B02682
B00856,01-01-2021 00:07,01-01-2021 00:14,,119,,B02682
B00856,01-01-2021 00:23,01-01-2021 00:27,,71,,B00856
B00856,01-01-2021 00:37,01-01-2021 00:40,,85,,B00856
B00856,01-01-2021 00:55,01-01-2021 01:00,,71,,B00856
B00856,01-01-2021 00:19,01-01-2021 00:40,,225,,B03152
B00856,01-01-2021 00:45,01-01-2021 00:51,,37,,B03152
B00856,01-01-2021 00:55,01-01-2021 01:03,,198,,B03152
B00856,01-01-2021 00:20,01-01-2021 00:26,,76,,B02871
B00856,01-01-2021 00:12,01-01-2021 00:23,,225,,B02889
B00856,01-01-2021 00:28,01-01-2021 00:44,,89,,B02889
B00856,01-01-2021 00:21,01-01-2021 00:38,,256,,B02867
B00856,01-01-2021 00:17,01-01-2021 00:26,,76,,B02888
B00856,01-01-2021 00:41,01-01-2021 00:48,,71,,B02888
B00856,01-01-2021 00:48,01-01-2021 01:02,,35,,B01454
B00856,01-01-2021 00:20,01-01-2021 00:49,,10,,B02887
B00856,01-01-2021 00:22,01-01-2021 00:46,,66,,B02888
B00856,01-01-2021 00:29,01-01-2021 00:41,,35,,B02800
B00856,01-01-2021 00:51,01-01-2021 01:01,,49,,B02800
B00856,01-01-2021 00:54,01-01-2021 01:04,,76,,B02869
B00856,01-01-2021 00:26,01-01-2021 00:31,,76,,B02788
B00856,01-01-2021 00:45,01-01-2021 01:06,,188,,B02788
B00856,01-01-2021 00:48,01-01-2021 00:53,,72,,B02877
B00856,01-01-2021 00:09,01-01-2021 00:38,,77,,B02765
B00856,01-01-2021 00:26,01-01-2021 00:31,,77,,B02875
B00856,01-01-2021 00:35,01-01-2021 00:47,,72,,B02875
B00856,01-01-2021 00:52,01-01-2021 01:01,,61,,B02875
B00856,01-01-2021 00:33,01-01-2021 00:38,,35,,B02788
B00856,01-01-2021 00:07,01-01-2021 00:30,,232,,B02879
B00856,01-01-2021 00:04,01-01-2021 00:20,,17,,B02492
B00856,01-01-2021 00:26,01-01-2021 00:46,,77,,B02492
B00856,01-01-2021 00:50,01-01-2021 00:58,,77,,B02492
B00856,01-01-2021 00:45,01-01-2021 01:23,,108,,B02871
B00856,01-01-2021 00:26,01-01-2021 01:08,,152,,B02872
B00856,01-01-2021 00:10,01-01-2021 00:32,,17,,B03136
B00856,01-01-2021 00:14,01-01-2021 00:23,,72,,B03136
B00856,01-01-2021 00:34,01-01-2021 00:53,,37,,B02872
B00856,01-01-2021 00:31,01-01-2021 00:35,,228,,B02617
B00856,01-01-2021 00:06,01-01-2021 00:16,,91,,B00856
B00856,01-01-2021 00:16,01-01-2021 00:36,,17,,B02872
B00856,01-01-2021 00:51,01-01-2021 01:10,,63,,B02872
B00860,01-01-2021 00:14,01-01-2021 00:30,,220,,B00860
B00860,01-01-2021 00:59,01-01-2021 01:07,,174,,B00860
B00860,01-01-2021 00:15,01-01-2021 00:24,,153,,B00860
B00860,01-01-2021 00:51,01-01-2021 01:07,,169,,B00860
B00860,01-01-2021 00:27,01-01-2021 00:44,,3,,B00860
B00860,01-01-2021 00:59,01-01-2021 01:04,,241,,B00860
B00860,01-01-2021 00:11,01-01-2021 00:19,,265,,B00860
B00860,01-01-2021 00:37,01-01-2021 00:42,,200,,B00860
B00860,01-01-2021 00:59,01-01-2021 01:07,,169,,B00860
B00860,01-01-2021 00:17,01-01-2021 00:22,,220,,B00860
B00860,01-01-2021 00:24,01-01-2021 00:29,,241,,B00860
B00860,01-01-2021 00:16,01-01-2021 00:23,,136,,B00860
B00882,01-01-2021 00:52,01-01-2021 01:01,,119,,B00882
B00882,01-01-2021 00:20,01-01-2021 00:42,,106,,B00882
B00882,01-01-2021 00:15,01-01-2021 01:02,,37,,B00882
B00882,01-01-2021 00:24,01-01-2021 00:25,,244,,B00882
B00882,01-01-2021 00:31,01-01-2021 00:37,,244,,B00882
B00882,01-01-2021 00:25,01-01-2021 00:30,,116,,B00882
B00882,01-01-2021 00:38,01-01-2021 00:45,,244,,B00882
B00882,01-01-2021 00:54,01-01-2021 00:55,,243,,B00882
B00882,01-01-2021 00:45,01-01-2021 00:55,,235,,B00882
B00882,01-01-2021 00:53,01-01-2021 01:00,,69,,B00882
B00882,01-01-2021 00:54,01-01-2021 00:57,,244,,B00882
B00887,01-01-2021 00:25,01-01-2021 00:34,,141,,B00887
B00887,01-01-2021 00:40,01-01-2021 01:07,,141,,B00887
B00887,01-01-2021 00:27,01-01-2021 00:41,,113,,B00887
B00887,01-01-2021 00:37,01-01-2021 01:01,,265,,B00887
B00889         ,01-01-2021 00:47,01-01-2021 01:03,129,129,,B00889         
B00900,01-01-2021 00:49,01-01-2021 01:02,,196,,B00900
B00900,01-01-2021 00:12,01-01-2021 00:25,,132,,B00900
B00900,01-01-2021 00:33,01-01-2021 00:38,,10,,B00900
B00900,01-01-2021 00:04,01-01-2021 00:11,,134,,B00900
B00900,01-01-2021 00:17,01-01-2021 00:22,,134,,B00900
B00900,01-01-2021 00:39,01-01-2021 00:47,,197,,B00900
B00900,01-01-2021 00:30,01-01-2021 00:35,,197,,B00900
B00900,01-01-2021 00:44,01-01-2021 00:57,,28,,B00900
B00900,01-01-2021 00:06,01-01-2021 00:32,,129,,B00900
B00900,01-01-2021 00:42,01-01-2021 00:48,,258,,B00900
B00900,01-01-2021 00:52,01-01-2021 01:02,,197,,B00900
B00900,01-01-2021 00:03,01-01-2021 00:09,,63,,B00900
B00900,01-01-2021 00:15,01-01-2021 00:21,,258,,B00900
B00900,01-01-2021 00:25,01-01-2021 00:39,,102,,B00900
B00900,01-01-2021 00:22,01-01-2021 00:48,,130,,B00900
B00911,01-01-2021 00:31,01-01-2021 00:41,,167,,B00911
B00911,01-01-2021 00:58,01-01-2021 01:05,,136,,B00911
B00911,01-01-2021 00:34,01-01-2021 00:48,,94,,B00911
B00911,01-01-2021 00:54,01-01-2021 01:13,,152,,B00911
B00911,01-01-2021 00:24,01-01-2021 00:36,,3,,B00911
B00911,01-01-2021 00:15,01-01-2021 00:29,,235,,B00911
B00911,01-01-2021 00:56,01-01-2021 01:13,,136,,B00911
B00932,01-01-2021 00:16,01-01-2021 00:19,,76,,B00932
B00932,01-01-2021 00:40,01-01-2021 00:46,,35,,B00932
B00932,01-01-2021 00:53,01-01-2021 01:07,,76,,B00932
B00937,01-01-2021 00:10,01-01-2021 00:18,,235,,B00937
B00937,01-01-2021 00:31,01-01-2021 00:42,,119,,B00937
B00937,01-01-2021 00:13,01-01-2021 00:30,,235,,B00937
B00937,01-01-2021 00:40,01-01-2021 00:50,,213,,B00937
B00937,01-01-2021 00:02,01-01-2021 00:05,,243,,B00937
B00937,01-01-2021 00:13,01-01-2021 00:28,,18,,B00937
B00937,01-01-2021 00:34,01-01-2021 00:51,,60,,B00937
B00937,01-01-2021 00:39,01-01-2021 00:52,,243,,B00937
B00937,01-01-2021 00:13,01-01-2021 00:15,,244,,B00937
B00937,01-01-2021 00:26,01-01-2021 00:38,,18,,B00937
B01016,01-01-2021 00:04,01-01-2021 00:06,,76,,B02882
B01016,01-01-2021 00:15,01-01-2021 00:17,,76,,B02882
B01016,01-01-2021 00:50,01-01-2021 01:20,,147,,B02882
B01016,01-01-2021 00:29,01-01-2021 00:57,,89,,B02884
B01016,01-01-2021 00:40,01-01-2021 00:43,,76,,B01016
B01016,01-01-2021 00:37,01-01-2021 01:15,,254,,B02875
B01051,01-01-2021 00:02,01-01-2021 00:11,,47,,B01051
B01051,01-01-2021 00:38,01-01-2021 01:03,,169,,B01051
B01051,01-01-2021 00:17,01-01-2021 00:30,,32,,B01051
B01051,01-01-2021 00:56,01-01-2021 01:01,,126,,B01051
B01051,01-01-2021 00:19,01-01-2021 00:25,,167,,B01051
B01051,01-01-2021 00:48,01-01-2021 00:51,,147,,B01051
B01061,01-01-2021 00:06,01-01-2021 00:23,,259,,B01061
B01061,01-01-2021 00:39,01-01-2021 00:44,,248,,B01061
B01061,01-01-2021 00:03,01-01-2021 00:13,,213,,B01061
B01061,01-01-2021 00:32,01-01-2021 00:36,,213,,B01061
B01061,01-01-2021 00:43,01-01-2021 00:45,,213,,B01061
B01061,01-01-2021 00:49,01-01-2021 00:53,,213,,B01061
B01061,01-01-2021 00:00,01-01-2021 00:38,,213,,B01061
B01061,01-01-2021 00:44,01-01-2021 01:00,,47,,B01061
B01061,01-01-2021 00:09,01-01-2021 00:23,,32,,B01061
B01061,01-01-2021 00:31,01-01-2021 01:08,,119,,B01061
B01065,01-01-2021 00:58,01-01-2021 01:05,,147,,B01065
B01065,01-01-2021 00:35,01-01-2021 01:10,,198,,B01065
B01083,01-01-2021 00:21,01-01-2021 00:39,,60,,B01083
B01083,01-01-2021 00:16,01-01-2021 00:24,,244,,B01083
B01083,01-01-2021 00:29,01-01-2021 00:34,,116,,B01083
B01083,01-01-2021 00:47,01-01-2021 00:51,,116,,B01083
B01083,01-01-2021 00:24,01-01-2021 00:32,,244,,B01083
B01087,01-01-2021 00:46,01-01-2021 00:50,142,142,,B01367
B01087,01-01-2021 00:50,01-01-2021 01:07,142,200,,B01367
B01087,01-01-2021 00:14,01-01-2021 00:24,211,107,,B01087
B01118,01-01-2021 00:44,01-01-2021 00:59,,72,,B02871
B01118,01-01-2021 00:34,01-01-2021 00:36,,189,,B02617
B01118,01-01-2021 00:43,01-01-2021 01:10,,112,,B02617
B01118,01-01-2021 00:39,01-01-2021 00:50,,40,,B02932
B01118,01-01-2021 00:18,01-01-2021 00:26,,61,,B02682
B01118,01-01-2021 00:48,01-01-2021 01:08,,76,,B02682
B01118,01-01-2021 00:16,01-01-2021 00:19,,72,,B02875
B01118,01-01-2021 00:33,01-01-2021 01:04,,21,,B02875
B01145,01-01-2021 00:07,01-01-2021 00:23,,241,,B02971
B01145,01-01-2021 00:33,01-01-2021 00:41,,94,,B02971
B01145,01-01-2021 00:38,01-01-2021 01:58,,69,,B02971
B01145,01-01-2021 00:24,01-01-2021 00:32,,78,,B02800
B01145,01-01-2021 00:42,01-01-2021 02:00,,18,,B02800
B01145,01-01-2021 00:09,01-01-2021 00:22,,153,,B02183
B01145,01-01-2021 00:26,01-01-2021 00:32,,153,,B02183
B01145,01-01-2021 00:02,01-01-2021 00:14,,69,,B02552
B01145,01-01-2021 00:16,01-01-2021 00:19,,69,,B02552
B01145,01-01-2021 00:29,01-01-2021 00:40,,247,,B02552
B01145,01-01-2021 00:12,01-01-2021 00:17,,69,,B02875
B01145,01-01-2021 00:25,01-01-2021 00:40,,174,,B02875
B01145,01-01-2021 00:06,01-01-2021 00:18,,78,,B02887
B01145,01-01-2021 00:27,01-01-2021 00:43,,247,,B02887
B01145,01-01-2021 00:44,01-01-2021 02:06,,69,,B02183
B01145,01-01-2021 00:07,01-01-2021 00:17,,75,,B02889
B01145,01-01-2021 00:23,01-01-2021 00:33,,42,,B02889
B01145,01-01-2021 00:37,01-01-2021 02:26,,119,,B02930
B01145,01-01-2021 00:22,01-01-2021 00:35,,213,,B02764
B01145,01-01-2021 00:08,01-01-2021 00:24,,247,,B02847
B01145,01-01-2021 00:29,01-01-2021 00:32,,247,,B02847
B01145,01-01-2021 00:37,01-01-2021 01:59,,42,,B02847
B01145,01-01-2021 00:19,01-01-2021 00:28,,243,,B02971
B01145,01-01-2021 00:02,01-01-2021 00:09,,254,,B01145
B01145,01-01-2021 00:19,01-01-2021 00:30,,254,,B01145
B01145,01-01-2021 00:19,01-01-2021 00:37,,174,,B02971
B01145,01-01-2021 00:10,01-01-2021 00:32,,254,,B02800
B01145,01-01-2021 00:17,01-01-2021 00:21,,212,,B02867
B01145,01-01-2021 00:31,01-01-2021 00:37,,212,,B02867
B01145,01-01-2021 00:47,01-01-2021 02:03,,235,,B02867
B01145,01-01-2021 00:10,01-01-2021 00:28,,254,,B01145
B01145,01-01-2021 00:22,01-01-2021 00:35,,60,,B02882
B01145,01-01-2021 00:41,01-01-2021 01:59,,168,,B02682
B01145,01-01-2021 00:11,01-01-2021 00:15,,167,,B02875
B01145,01-01-2021 00:21,01-01-2021 02:02,,174,,B02875
B01145,01-01-2021 00:26,01-01-2021 00:32,,235,,B02788
B01145,01-01-2021 00:39,01-01-2021 00:40,,235,,B02788
B01145,01-01-2021 00:27,01-01-2021 02:05,,169,,B02971
B01145,01-01-2021 00:22,01-01-2021 00:34,,243,,B02875
B01145,01-01-2021 00:36,01-01-2021 02:07,,94,,B02875
B01145,01-01-2021 00:29,01-01-2021 01:58,,69,,B01145
B01145,01-01-2021 00:20,01-01-2021 00:34,,3,,B02884
B01145,01-01-2021 00:45,01-01-2021 01:59,,47,,B02884
B01145,01-01-2021 00:08,01-01-2021 00:18,,212,,B02878
B01145,01-01-2021 00:26,01-01-2021 00:29,,248,,B02878
B01145,01-01-2021 00:13,01-01-2021 00:17,,69,,B03023
B01145,01-01-2021 00:23,01-01-2021 00:35,,126,,B03023
B01145,01-01-2021 00:42,01-01-2021 00:54,,75,,B03023
B01145,01-01-2021 00:22,01-01-2021 00:38,,119,,B02879
B01145,01-01-2021 00:16,01-01-2021 00:25,,159,,B02971
B01145,01-01-2021 00:31,01-01-2021 02:34,,169,,B02971
B01145,01-01-2021 00:19,01-01-2021 00:28,,169,,B02512
B01145,01-01-2021 00:31,01-01-2021 02:05,,147,,B02512
B01145,01-01-2021 00:06,01-01-2021 01:57,,76,,B02875
B01145,01-01-2021 00:14,01-01-2021 00:25,,241,,B02870
B01145,01-01-2021 00:32,01-01-2021 01:58,,69,,B02870
B01145,01-01-2021 00:23,01-01-2021 00:29,,18,,B02870
B01145,01-01-2021 00:36,01-01-2021 00:45,,69,,B02870
B01145,01-01-2021 00:17,01-01-2021 00:22,,168,,B02879
B01145,01-01-2021 00:41,01-01-2021 01:59,,247,,B02879
B01145,01-01-2021 00:09,01-01-2021 00:19,,126,,B02875
B01145,01-01-2021 00:26,01-01-2021 00:36,,69,,B02875
B01145,01-01-2021 00:41,01-01-2021 02:03,,69,,B02875
B01145,01-01-2021 00:26,01-01-2021 00:33,,244,,B02836
B01145,01-01-2021 00:36,01-01-2021 00:39,,244,,B02836
B01145,01-01-2021 00:26,01-01-2021 00:36,,78,,B02875
B01145,01-01-2021 00:33,01-01-2021 01:59,,69,,B02875
B01145,01-01-2021 00:42,01-01-2021 03:43,,159,,B02875
B01145,01-01-2021 00:19,01-01-2021 00:34,,94,,B02875
B01145,01-01-2021 00:39,01-01-2021 04:45,,168,,B02875
B01145,01-01-2021 00:32,01-01-2021 00:41,,18,,B02869
B01145,01-01-2021 00:48,01-01-2021 02:02,,47,,B02847
B01145,01-01-2021 00:13,01-01-2021 00:15,,69,,B03295
B01145,01-01-2021 00:18,01-01-2021 00:20,,59,,B02800
B01145,01-01-2021 00:37,01-01-2021 00:38,,78,,B02800
B01145,01-01-2021 00:18,01-01-2021 00:19,,69,,B02788
B01145,01-01-2021 00:23,01-01-2021 00:36,,213,,B02788
B01145,01-01-2021 00:44,01-01-2021 02:06,,69,,B02788
B01145,01-01-2021 00:18,01-01-2021 00:21,,247,,B02889
B01145,01-01-2021 00:26,01-01-2021 00:35,,168,,B02889
B01145,01-01-2021 00:20,01-01-2021 00:38,,254,,B02887
B01145,01-01-2021 00:04,01-01-2021 00:34,,254,,B02872
B01145,01-01-2021 00:21,01-01-2021 00:31,,20,,B02872
B01145,01-01-2021 00:38,01-01-2021 02:13,,254,,B02872
B01145,01-01-2021 00:15,01-01-2021 00:26,,265,,B02882
B01145,01-01-2021 00:09,01-01-2021 00:34,,265,,B02847
B01145,01-01-2021 00:02,01-01-2021 00:40,,147,,B02882
B01145,01-01-2021 00:41,01-01-2021 02:11,,159,,B02882
B01145,01-01-2021 00:27,01-01-2021 02:11,,168,,B02836
B01190,01-01-2021 00:58,01-01-2021 01:11,,61,,B01190
B01190,01-01-2021 00:13,01-01-2021 00:22,,61,,B01190
B01200,01-01-2021 00:57,01-01-2021 01:03,,76,,B01469
B01231,01-01-2021 00:18,01-01-2021 00:25,,63,,B00789
B01231,01-01-2021 00:34,01-01-2021 00:37,,76,,B00789
B01231,01-01-2021 00:45,01-01-2021 00:51,,76,,B00789
B01231,01-01-2021 00:01,01-01-2021 00:35,,95,,B02882
B01231,01-01-2021 00:31,01-01-2021 00:40,,10,,B02882
B01231,01-01-2021 00:44,01-01-2021 00:53,,197,,B02882
B01231,01-01-2021 00:30,01-01-2021 00:54,,97,,B02877
B01231,01-01-2021 00:43,01-01-2021 00:46,,76,,B02877
B01233,01-01-2021 00:35,01-01-2021 00:42,,3,,B01233
B01233,01-01-2021 00:55,01-01-2021 01:07,,78,,B01233
B01233,01-01-2021 00:45,01-01-2021 00:53,,254,,B01233
B01233,01-01-2021 00:20,01-01-2021 00:38,,152,,B01233
B01233,01-01-2021 00:56,01-01-2021 01:10,,159,,B01233
B01233,01-01-2021 00:25,01-01-2021 00:33,,254,,B01233
B01233,01-01-2021 00:50,01-01-2021 01:01,,259,,B01233
B01233,01-01-2021 00:16,01-01-2021 00:26,,254,,B01233
B01233,01-01-2021 00:30,01-01-2021 00:37,,81,,B01233
B01233,01-01-2021 00:42,01-01-2021 00:45,,81,,B01233
B01233,01-01-2021 00:50,01-01-2021 01:09,,169,,B01233
B01233,01-01-2021 00:56,01-01-2021 01:04,,51,,B01233
B01239,01-01-2021 00:07,01-01-2021 01:10,,265,,B02880
B01239,01-01-2021 00:21,01-01-2021 00:38,,74,,B02884
B01239,01-01-2021 00:50,01-01-2021 01:16,,10,,B02884
B01239,01-01-2021 00:19,01-01-2021 00:41,,167,,B02800
B01239,01-01-2021 00:58,01-01-2021 01:16,,74,,B02800
B01239,01-01-2021 00:01,01-01-2021 00:10,,254,,B01239
B01239,01-01-2021 00:00,01-01-2021 00:05,,254,,B01233
B01239,01-01-2021 00:12,01-01-2021 00:22,,254,,B01233
B01239,01-01-2021 00:54,01-01-2021 01:14,,244,,B02764
B01239,01-01-2021 00:26,01-01-2021 00:37,,265,,B01239
B01239,01-01-2021 00:59,01-01-2021 01:25,,81,,B02864
B01239,01-01-2021 00:41,01-01-2021 01:04,,126,,B02864
B01239,01-01-2021 00:17,01-01-2021 00:29,,259,,B02765
B01239,01-01-2021 00:38,01-01-2021 00:42,,254,,B02765
B01239,01-01-2021 00:59,01-01-2021 01:03,,3,,B02765
B01239,01-01-2021 00:51,01-01-2021 00:56,,254,,B03279
B01239,01-01-2021 00:24,01-01-2021 00:46,,259,,B02800
B01239,01-01-2021 00:53,01-01-2021 01:13,,94,,B02800
B01239,01-01-2021 00:09,01-01-2021 00:18,,18,,B02883
B01239,01-01-2021 00:35,01-01-2021 00:50,,81,,B02872
B01239,01-01-2021 00:57,01-01-2021 01:06,,259,,B02872
B01239,01-01-2021 00:15,01-01-2021 00:17,,254,,B01239
B01239,01-01-2021 00:21,01-01-2021 00:25,,254,,B01239
B01239,01-01-2021 00:45,01-01-2021 00:50,,254,,B01239
B01285,01-01-2021 00:34,01-01-2021 00:47,,212,,B01285
B01285,01-01-2021 00:58,01-01-2021 01:15,,41,,B01285
B01285,01-01-2021 00:43,01-01-2021 00:55,,18,,B01285
B01285,01-01-2021 00:35,01-01-2021 00:45,,42,,B01285
B01285,01-01-2021 00:51,01-01-2021 01:00,,243,,B01285
B01300,01-01-2021 00:53,01-01-2021 00:58,,116,,B01300
B01312,01-01-2021 00:43,01-01-2021 00:49,,256,,B02401
B01312,01-01-2021 00:08,01-01-2021 00:12,,17,,B02764
B01312,01-01-2021 00:22,01-01-2021 00:33,,217,,B02764
B01312,01-01-2021 00:02,01-01-2021 00:04,,39,,B02836
B01312,01-01-2021 00:42,01-01-2021 00:44,,188,,B02836
B01312,01-01-2021 00:49,01-01-2021 00:53,,188,,B02836
B01312,01-01-2021 00:59,01-01-2021 01:10,,72,,B02836
B01312,01-01-2021 00:01,01-01-2021 00:03,,217,,B02871
B01312,01-01-2021 00:08,01-01-2021 00:12,,217,,B02871
B01312,01-01-2021 00:35,01-01-2021 00:37,,36,,B02876
B01312,01-01-2021 00:46,01-01-2021 00:48,,36,,B02876
B01312,01-01-2021 00:26,01-01-2021 00:28,,36,,B02884
B01312,01-01-2021 00:44,01-01-2021 00:55,,39,,B00014
B01312,01-01-2021 00:28,01-01-2021 00:38,,35,,B02887
B01312,01-01-2021 00:51,01-01-2021 00:54,,77,,B02887
B01312,01-01-2021 00:24,01-01-2021 00:39,,134,,B02550
B01312,01-01-2021 00:30,01-01-2021 00:39,,17,,B03136
B01312,01-01-2021 00:52,01-01-2021 01:21,,123,,B03136
B01312,01-01-2021 00:01,01-01-2021 00:05,,217,,B03343
B01312,01-01-2021 00:40,01-01-2021 00:47,,232,,B03343
B01315,01-01-2021 00:25,01-01-2021 00:35,,213,,B01315
B01315,01-01-2021 00:29,01-01-2021 00:40,,174,,B01315
B01315,01-01-2021 00:49,01-01-2021 01:00,,241,,B01315
B01315,01-01-2021 00:17,01-01-2021 00:42,,78,,B01315
B01315,01-01-2021 00:51,01-01-2021 01:08,,81,,B01315
B01338,01-01-2021 00:28,01-01-2021 00:45,,208,,B01338
B01338,01-01-2021 00:21,01-01-2021 00:33,,213,,B01338
B01338,01-01-2021 00:41,01-01-2021 00:54,,254,,B01338
B01338,01-01-2021 00:58,01-01-2021 01:24,,69,,B01338
B01338,01-01-2021 00:33,01-01-2021 00:44,,250,,B01338
B01339,01-01-2021 00:03,01-01-2021 00:10,,116,,B01339
B01339,01-01-2021 00:36,01-01-2021 00:40,,166,,B01339
B01339,01-01-2021 00:33,01-01-2021 00:34,,244,,B01339
B01339,01-01-2021 00:39,01-01-2021 00:40,,244,,B01339
B01339,01-01-2021 00:45,01-01-2021 00:46,,244,,B01339
B01339,01-01-2021 00:54,01-01-2021 01:05,,120,,B01339
B01339,01-01-2021 00:32,01-01-2021 00:34,,244,,B01339
B01339,01-01-2021 00:23,01-01-2021 00:49,,159,,B01339
B01339,01-01-2021 00:39,01-01-2021 00:49,,69,,B01339
B01339,01-01-2021 00:42,01-01-2021 00:43,,244,,B01339
B01339,01-01-2021 00:40,01-01-2021 00:49,,94,,B01339
B01339,01-01-2021 00:26,01-01-2021 00:33,,244,,B01339
B01339,01-01-2021 00:28,01-01-2021 00:32,,243,,B01339
B01339,01-01-2021 00:43,01-01-2021 00:45,,244,,B01339
B01339,01-01-2021 00:01,01-01-2021 00:14,,116,,B01339
B01339,01-01-2021 00:29,01-01-2021 00:38,,42,,B01339
B01340,01-01-2021 00:36,01-01-2021 00:43,,213,,B01340
B01340,01-01-2021 00:01,01-01-2021 00:06,,126,,B01340
B01340,01-01-2021 00:14,01-01-2021 00:19,,213,,B01340
B01340,01-01-2021 00:34,01-01-2021 00:42,,213,,B01340
B01340,01-01-2021 00:18,01-01-2021 00:30,,174,,B01340
B01340,01-01-2021 00:20,01-01-2021 00:32,,47,,B01340
B01340,01-01-2021 00:53,01-01-2021 01:02,,169,,B01340
B01340,01-01-2021 00:01,01-01-2021 00:14,,147,,B01340
B01340,01-01-2021 00:24,01-01-2021 00:29,,60,,B01340
B01340,01-01-2021 00:34,01-01-2021 00:35,,60,,B01340
B01340,01-01-2021 00:47,01-01-2021 00:57,,60,,B01340
B01343,01-01-2021 00:12,01-01-2021 00:18,72,72,,B01343
B01343,01-01-2021 00:23,01-01-2021 00:30,72,72,,B01343
B01406,01-01-2021 00:30,01-01-2021 00:39,,236,,B02747
B01437,01-01-2021 00:27,01-01-2021 00:30,,130,,B01626
B01437,01-01-2021 00:42,01-01-2021 00:48,,216,,B01626
B01437,01-01-2021 00:50,01-01-2021 00:55,,216,,B02765
B01437,01-01-2021 00:19,01-01-2021 00:32,,197,,B02880
B01437,01-01-2021 00:37,01-01-2021 01:02,,35,,B02880
B01437,01-01-2021 00:33,01-01-2021 00:49,,258,,B01437
B01437,01-01-2021 00:00,01-01-2021 00:16,,191,,B02889
B01437,01-01-2021 00:58,01-01-2021 01:02,,197,,B02889
B01437,01-01-2021 00:43,01-01-2021 01:23,,106,,B02788
B01437,01-01-2021 00:21,01-01-2021 00:25,,130,,B01437
B01437,01-01-2021 00:50,01-01-2021 00:59,,215,,B00900
B01437,01-01-2021 00:37,01-01-2021 00:52,,173,,B03227
B01437,01-01-2021 00:16,01-01-2021 00:22,,197,,B03227
B01437,01-01-2021 00:33,01-01-2021 00:41,,216,,B03227
B01437,01-01-2021 00:48,01-01-2021 00:58,,258,,B03227
B01437,01-01-2021 00:23,01-01-2021 00:36,,215,,B02888
B01437,01-01-2021 00:43,01-01-2021 00:58,,258,,B02888
B01437,01-01-2021 00:07,01-01-2021 00:13,,130,,B02866
B01437,01-01-2021 00:32,01-01-2021 00:59,,201,,B02866
B01437,01-01-2021 00:10,01-01-2021 00:14,,28,,B02869
B01437,01-01-2021 00:25,01-01-2021 00:34,,216,,B02869
B01437,01-01-2021 00:42,01-01-2021 00:46,,197,,B02869
B01437,01-01-2021 00:57,01-01-2021 01:25,,82,,B02869
B01437,01-01-2021 00:44,01-01-2021 00:59,,177,,B02872
B01437,01-01-2021 00:40,01-01-2021 00:49,,130,,B03227
B01437,01-01-2021 00:57,01-01-2021 01:12,,131,,B03227
B01437,01-01-2021 00:29,01-01-2021 00:33,,173,,B03036
B01437,01-01-2021 00:15,01-01-2021 00:21,,197,,B02902
B01437,01-01-2021 00:28,01-01-2021 00:35,,197,,B02902
B01437,01-01-2021 00:44,01-01-2021 00:55,,258,,B02902
B01437,01-01-2021 00:06,01-01-2021 00:31,,129,,B02160
B01437,01-01-2021 00:29,01-01-2021 00:32,,134,,B01437
B01454,01-01-2021 00:15,01-01-2021 00:25,,61,,B01454
B01454,01-01-2021 00:37,01-01-2021 00:42,,35,,B01454
B01454,01-01-2021 00:16,01-01-2021 00:22,,61,,B02877
B01454,01-01-2021 00:29,01-01-2021 00:36,,177,,B02877
B01454,01-01-2021 00:47,01-01-2021 00:53,,188,,B02877
B01454,01-01-2021 00:16,01-01-2021 00:22,,177,,B01454
B01454,01-01-2021 00:36,01-01-2021 01:08,,108,,B01454
B01455,01-01-2021 00:15,01-01-2021 00:26,,173,,B01455
B01455,01-01-2021 00:28,01-01-2021 00:31,,129,,B03290
B01455,01-01-2021 00:25,01-01-2021 00:29,,56,,B03171
B01455,01-01-2021 00:51,01-01-2021 00:55,,173,,B03171
B01455,01-01-2021 00:21,01-01-2021 00:28,,70,,B01455
B01469,01-01-2021 00:37,01-01-2021 00:45,,63,,B02887
B01469,01-01-2021 00:11,01-01-2021 00:15,,63,,B03255
B01469,01-01-2021 00:15,01-01-2021 00:28,,76,,B03036
B01469,01-01-2021 00:47,01-01-2021 00:58,,197,,B03036
B01485,01-01-2021 00:35,01-01-2021 00:37,,72,,B01485
B01485,01-01-2021 00:49,01-01-2021 01:00,,35,,B01485
B01510,01-01-2021 00:35,01-01-2021 00:49,,,,B01510
B01527,01-01-2021 00:40,01-01-2021 00:41,,69,,B01527
B01527,01-01-2021 00:46,01-01-2021 00:56,,169,,B01527
B01534,01-01-2021 00:45,01-01-2021 01:05,,,,B01534
B01536,01-01-2021 00:57,01-01-2021 01:13,,69,,B01536
B01536,01-01-2021 00:25,01-01-2021 00:29,,136,,B01536
B01536,01-01-2021 00:32,01-01-2021 00:43,,244,,B01536
B01536,01-01-2021 00:47,01-01-2021 00:53,,243,,B01536
B01536,01-01-2021 00:11,01-01-2021 00:18,,243,,B01536
B01536,01-01-2021 00:18,01-01-2021 00:26,,244,,B01536
B01536,01-01-2021 00:29,01-01-2021 00:32,,244,,B01536
B01536,01-01-2021 00:03,01-01-2021 00:44,,213,,B01536
B01536,01-01-2021 00:30,01-01-2021 00:45,,127,,B01536
B01536,01-01-2021 00:51,01-01-2021 01:02,,94,,B01536
B01536,01-01-2021 00:31,01-01-2021 00:38,,18,,B01536
B01540,01-01-2021 00:24,01-01-2021 00:29,,10,,B01540
B01540,01-01-2021 00:39,01-01-2021 00:46,,216,,B01540
B01540,01-01-2021 00:44,01-01-2021 00:56,,63,,B01540
B01553,01-01-2021 00:41,01-01-2021 00:53,,215,,B01553
B01559,01-01-2021 00:17,02-01-2021 00:29,,,,B01559
B01559,01-01-2021 00:03,02-01-2021 00:20,,,,B01559
B01568         ,01-01-2021 00:26,01-01-2021 00:49,129,56,,B01568         
B01606,01-01-2021 00:14,01-01-2021 00:31,,26,,B01606
B01606,01-01-2021 00:46,01-01-2021 00:52,,227,,B01606
B01606,01-01-2021 00:57,01-01-2021 01:05,,26,,B01606
B01606,01-01-2021 00:23,01-01-2021 00:28,,67,,B01606
B01606,01-01-2021 00:39,01-01-2021 00:47,,14,,B01606
B01606,01-01-2021 00:24,01-01-2021 00:27,,67,,B01606
B01606,01-01-2021 00:36,01-01-2021 00:40,,22,,B01606
B01626,01-01-2021 00:35,01-01-2021 00:45,,130,,B01626
B01626,01-01-2021 00:18,01-01-2021 00:33,,223,,B01626
B01626,01-01-2021 00:04,01-01-2021 00:10,,130,,B01626
B01626,01-01-2021 00:16,01-01-2021 00:23,,130,,B01626
B01626,01-01-2021 00:28,01-01-2021 00:48,,155,,B01626
B01626,01-01-2021 00:14,01-01-2021 00:23,,130,,B01626
B01626,01-01-2021 00:21,01-01-2021 00:35,,197,,B01626
B01626,01-01-2021 00:47,01-01-2021 01:04,,10,,B01626
B01639,01-01-2021 00:34,01-01-2021 00:37,,120,,B01639
B01639,01-01-2021 00:55,01-01-2021 01:07,,47,,B01639
B01639,01-01-2021 00:24,01-01-2021 00:56,,116,,B01639
B01639,01-01-2021 00:34,01-01-2021 00:43,,47,,B01639
B01639,01-01-2021 00:49,01-01-2021 00:52,,247,,B01639
B01639,01-01-2021 00:56,01-01-2021 01:00,,119,,B01639
B01639,01-01-2021 00:17,01-01-2021 00:35,,259,,B01639
B01639,01-01-2021 00:55,01-01-2021 00:58,,116,,B01639
B01644,01-01-2021 00:30,01-01-2021 04:49,,,,B01644
B01663,01-01-2021 00:21,01-01-2021 01:12,,93,,B01663
B01667,01-01-2021 00:02,01-01-2021 00:11,,92,,B01667
B01667,01-01-2021 00:22,01-01-2021 00:43,,129,,B01667
B01667,01-01-2021 00:32,01-01-2021 00:43,,196,,B01667
B01667,01-01-2021 00:54,01-01-2021 01:07,,170,,B01667
B01667,01-01-2021 00:54,01-01-2021 01:00,,93,,B01667
B01667,01-01-2021 00:28,01-01-2021 00:49,,129,,B02867
B01667,01-01-2021 00:08,01-01-2021 00:30,,232,,B01667
B01667,01-01-2021 00:24,01-01-2021 00:37,,121,,B01667
B01667,01-01-2021 00:39,01-01-2021 00:55,,260,,B02096
B01717,01-01-2021 00:08,01-01-2021 00:21,,254,,B01717
B01717,01-01-2021 00:29,01-01-2021 00:43,,41,,B01717
B01717,01-01-2021 00:46,01-01-2021 01:01,,235,,B01717
B01717,01-01-2021 00:54,01-01-2021 01:09,,18,,B01717
B01717,01-01-2021 00:11,01-01-2021 00:12,,235,,B01717
B01717,01-01-2021 00:16,01-01-2021 00:26,,127,,B01717
B01717,01-01-2021 00:33,01-01-2021 00:43,,18,,B01717
B01717,01-01-2021 00:51,01-01-2021 00:57,,169,,B01717
B01717,01-01-2021 00:09,01-01-2021 00:20,,248,,B01717
B01717,01-01-2021 00:39,01-01-2021 00:48,,235,,B01717
B01726,01-01-2021 00:22,01-01-2021 00:29,,244,,B01726
B01726,01-01-2021 00:35,01-01-2021 00:44,,127,,B01726
B01726,01-01-2021 00:58,01-01-2021 01:13,,247,,B01726
B01726,01-01-2021 00:10,01-01-2021 00:17,,235,,B01726
B01726,01-01-2021 00:24,01-01-2021 00:46,,250,,B01726
B01726,01-01-2021 00:56,01-01-2021 01:08,,169,,B01726
B01726,01-01-2021 00:17,01-01-2021 00:21,,235,,B01726
B01726,01-01-2021 00:35,01-01-2021 00:51,,254,,B01726
B01726,01-01-2021 00:26,01-01-2021 00:30,,78,,B01726
B01726,01-01-2021 00:35,01-01-2021 00:52,,60,,B01726
B01726,01-01-2021 00:56,01-01-2021 01:08,,244,,B01726
B01726,01-01-2021 00:01,01-01-2021 00:08,,169,,B01726
B01726,01-01-2021 00:55,01-01-2021 01:18,,220,,B01726
B01726,01-01-2021 00:08,01-01-2021 00:17,,18,,B01726
B01726,01-01-2021 00:23,01-01-2021 00:46,,244,,B01726
B01726,01-01-2021 00:51,01-01-2021 01:16,,244,,B01726
B01730,01-01-2021 00:39,01-01-2021 01:04,,165,,B02096
B01730,01-01-2021 00:18,01-01-2021 00:41,,235,,B02096
B01730,01-01-2021 00:36,01-01-2021 01:10,,94,,B00111
B01730,01-01-2021 00:07,01-01-2021 00:26,,56,,B02096
B01730,01-01-2021 00:10,01-01-2021 00:37,,21,,B02096
B01738,01-01-2021 00:45,01-01-2021 00:55,,82,,B01738
B01768,01-01-2021 00:16,01-01-2021 00:30,,152,,B01768
B01768,01-01-2021 00:28,01-01-2021 00:46,,119,,B01768
B01768,01-01-2021 00:53,01-01-2021 01:00,,235,,B01768
B01777,01-01-2021 00:45,01-01-2021 00:51,,152,,B01777
B01777,01-01-2021 00:44,01-01-2021 00:47,,42,,B01777
B01777,01-01-2021 00:22,01-01-2021 00:31,,159,,B01777
B01777,01-01-2021 00:39,01-01-2021 00:50,,168,,B01777
B01811,01-01-2021 00:17,01-01-2021 00:31,,213,,B01811
B01811,01-01-2021 00:11,01-01-2021 00:17,,159,,B01811
B01811,01-01-2021 00:27,01-01-2021 01:09,,247,,B01811
B01811,01-01-2021 00:18,01-01-2021 00:27,,167,,B01811
B01811,01-01-2021 00:25,01-01-2021 00:38,,42,,B01811
B01843,01-01-2021 00:21,01-01-2021 02:30,,,,
B01871,01-01-2021 00:39,01-01-2021 01:12,,,,B01871
B01871,01-01-2021 00:39,01-01-2021 01:22,,,,B02876
B01871,01-01-2021 00:11,01-01-2021 00:55,,,,B02875
B01907,01-01-2021 00:52,01-01-2021 01:15,,202,,B02682
B01958,01-01-2021 00:30,01-01-2021 00:45,,,,B02617
B01958,01-01-2021 00:01,01-01-2021 00:22,,,,B01958
B01958,01-01-2021 00:58,01-01-2021 01:23,,,,B02872
B01963,01-01-2021 00:27,01-01-2021 00:44,,97,,B01963
B01963,01-01-2021 00:53,01-01-2021 01:29,,63,,B01963
B01963,01-01-2021 00:14,01-01-2021 00:18,,35,,B01963
B01963,01-01-2021 00:27,01-01-2021 00:39,,61,,B01963
B01963,01-01-2021 00:53,01-01-2021 01:48,,228,,B01963
B01963,01-01-2021 00:37,01-01-2021 00:52,,61,,B01963
B01963,01-01-2021 00:54,01-01-2021 01:02,,35,,B01963
B01963,01-01-2021 00:12,01-01-2021 00:25,,77,,B01963
B01963,01-01-2021 00:50,01-01-2021 01:11,,192,,B01963
B01995         ,01-01-2021 00:04,01-01-2021 00:29,129,76,,B01995         
B01995         ,01-01-2021 00:49,01-01-2021 01:05,56,70,,B01995         
B01995         ,01-01-2021 00:31,01-01-2021 00:47,226,226,,B01995         
B01995         ,01-01-2021 00:35,01-01-2021 00:42,173,173,,B01995         
B01995         ,01-01-2021 00:45,01-01-2021 00:57,129,129,,B01995         
B01995         ,01-01-2021 00:35,01-01-2021 00:58,56,173,,B01995         
B01995         ,01-01-2021 00:19,01-01-2021 00:26,129,260,,B01995         
B01995         ,01-01-2021 00:57,01-01-2021 01:03,56,56,,B01995         
B02093,01-01-2021 00:19,01-01-2021 00:32,,,,B02093
B02107,01-01-2021 00:11,01-01-2021 00:18,,126,,B02107
B02107,01-01-2021 00:26,01-01-2021 00:40,,167,,B02107
B02107,01-01-2021 00:59,01-01-2021 01:20,,247,,B02107
B02111,01-01-2021 00:54,01-01-2021 00:54,92,192,,B02111
B02111,01-01-2021 00:33,01-01-2021 00:37,92,56,,B02111
B02111,01-01-2021 00:52,01-01-2021 00:55,92,92,,B02111
B02111,01-01-2021 00:15,01-01-2021 00:18,92,92,,B02111
B02111,01-01-2021 00:23,01-01-2021 00:23,92,73,,B02111
B02111,01-01-2021 00:56,01-01-2021 00:56,93,92,,B02111
B02111,01-01-2021 00:47,01-01-2021 01:13,73,227,,B02111
B02111,01-01-2021 00:50,01-01-2021 00:58,51,171,,B02111
B02138,01-01-2021 00:36,01-01-2021 00:38,,21,,B02138
B02138,01-01-2021 00:45,01-01-2021 00:51,,22,,B02138
B02138,01-01-2021 00:16,01-01-2021 00:18,,21,,B02138
B02138,01-01-2021 00:23,01-01-2021 00:26,,21,,B02138
B02138,01-01-2021 00:31,01-01-2021 00:40,,108,,B02138
B02138,01-01-2021 00:45,01-01-2021 00:50,,21,,B02138
B02138,01-01-2021 00:59,01-01-2021 01:01,,21,,B02138
B02162,01-01-2021 00:23,01-01-2021 00:47,,107,,B02162
B02162,01-01-2021 00:23,01-01-2021 00:32,,188,,B02866
B02162,01-01-2021 00:54,01-01-2021 01:21,,63,,B02866
B02162,01-01-2021 00:08,01-01-2021 00:40,,265,,B02877
B02163,01-01-2021 00:56,01-01-2021 01:00,,227,,B03148
B02163,01-01-2021 00:50,01-01-2021 01:09,,14,,B03148
B02245,01-01-2021 00:01,01-01-2021 00:19,,247,,B02245
B02245,01-01-2021 00:23,01-01-2021 00:29,,228,,B02245
B02245,01-01-2021 00:52,01-01-2021 01:05,,155,,B02245
B02245,01-01-2021 00:15,01-01-2021 00:24,,76,,B02245
B02245,01-01-2021 00:41,01-01-2021 00:55,,35,,B02245
B02245,01-01-2021 00:31,01-01-2021 00:35,,178,,B02245
B02253,01-01-2021 00:19,01-01-2021 01:03,,,,B02253
B02285,01-01-2021 00:30,01-01-2021 00:32,,,,B02285
B02292,01-01-2021 00:17,01-01-2021 00:44,,228,,B02876
B02292,01-01-2021 00:31,01-01-2021 00:46,,35,,B02872
B02311,01-01-2021 00:43,01-01-2021 00:56,,71,,B02311
B02311,01-01-2021 00:24,01-01-2021 00:24,,71,,B02311
B02311,01-01-2021 00:19,01-01-2021 00:35,,72,,B02311
B02311,01-01-2021 00:26,01-01-2021 00:27,,165,,B02311
B02311,01-01-2021 00:49,01-01-2021 00:50,,188,,B02311
B02418,01-01-2021 00:00,01-01-2021 00:45,,,,B02418
B02429,01-01-2021 00:38,01-01-2021 01:04,55,,,B02429
B02429,01-01-2021 00:36,01-01-2021 00:52,55,,,B02429
B02429,01-01-2021 00:28,01-01-2021 00:36,123,,,B02429
B02429,01-01-2021 00:41,01-01-2021 00:58,150,,,B02429
B02437,01-01-2021 00:08,01-01-2021 00:23,,18,,B02437
B02437,01-01-2021 00:29,01-01-2021 00:40,,200,,B02437
B02437,01-01-2021 00:47,01-01-2021 00:57,,168,,B02437
B02437,01-01-2021 00:18,01-01-2021 00:27,,235,,B02437
B02437,01-01-2021 00:39,01-01-2021 01:00,,168,,B02437
B02461,01-01-2021 00:02,01-01-2021 00:12,,243,,B02461
B02461,01-01-2021 00:34,01-01-2021 01:13,,243,,B02461
B02509,01-01-2021 00:39,01-01-2021 00:51,,177,,B02872
B02536,01-01-2021 00:30,01-01-2021 00:40,210,,,B02536
B02536,01-01-2021 00:52,01-01-2021 01:06,123,,,B02536
B02536,01-01-2021 00:30,01-01-2021 00:38,210,,,B02536
B02536,01-01-2021 00:50,01-01-2021 01:05,21,,,B02536
B02537,01-01-2021 00:03,01-01-2021 00:05,,119,,B02537
B02537,01-01-2021 00:14,01-01-2021 00:23,,69,,B02537
B02537,01-01-2021 00:27,01-01-2021 00:38,,235,,B02537
B02537,01-01-2021 00:44,01-01-2021 00:55,,169,,B02537
B02537,01-01-2021 00:41,01-01-2021 01:05,,119,,B02537
B02537,01-01-2021 00:38,01-01-2021 00:52,,119,,B02537
B02546,01-01-2021 00:25,01-01-2021 00:40,,20,,B02546
B02546,01-01-2021 00:12,01-01-2021 00:25,,235,,B02546
B02546,01-01-2021 00:49,01-01-2021 00:57,,168,,B02546
B02613,01-01-2021 00:51,01-01-2021 01:02,,235,,B02613
B02613,01-01-2021 00:26,01-01-2021 00:35,,94,,B02613
B02653,01-01-2021 00:21,01-01-2021 00:24,,147,,B02653
B02653,01-01-2021 00:39,01-01-2021 00:43,,147,,B02653
B02653,01-01-2021 00:57,01-01-2021 01:09,,47,,B02653
B02653,01-01-2021 00:19,01-01-2021 00:33,,32,,B02653
B02657,01-01-2021 00:35,01-01-2021 00:44,,74,,B02657
B02657,01-01-2021 00:55,01-01-2021 01:18,,167,,B02657
B02657,01-01-2021 00:31,01-01-2021 00:49,,169,,B02657
B02657,01-01-2021 00:50,01-01-2021 00:54,,74,,B02657
B02657,01-01-2021 00:18,01-01-2021 00:28,,168,,B02657
B02657,01-01-2021 00:55,01-01-2021 01:05,,41,,B02657
B02657,01-01-2021 00:52,01-01-2021 01:06,,42,,B02657
B02657,01-01-2021 00:39,01-01-2021 00:46,,168,,B02657
B02657,01-01-2021 00:53,01-01-2021 01:20,,254,,B02657
B02657,01-01-2021 00:12,01-01-2021 00:13,,41,,B02657
B02657,01-01-2021 00:31,01-01-2021 00:42,,208,,B02657
B02657,01-01-2021 00:40,01-01-2021 00:56,,20,,B02657
B02657,01-01-2021 00:28,01-01-2021 00:44,,94,,B02657
B02657,01-01-2021 00:53,01-01-2021 01:11,,254,,B02657
B02661,01-01-2021 00:16,01-01-2021 00:35,221,245,,B02661
B02661,01-01-2021 00:39,01-01-2021 00:52,245,221,,B02661
B02661,01-01-2021 00:05,01-01-2021 00:30,221,115,,B02661
B02661,01-01-2021 00:20,01-01-2021 00:45,115,206,,B02661
B02670,01-01-2021 00:30,01-01-2021 04:33,,,,B02670
B02719,01-01-2021 00:50,01-01-2021 01:03,,60,,B02719
B02719,01-01-2021 00:50,01-01-2021 01:06,,41,,B02719
B02719,01-01-2021 00:16,01-01-2021 00:30,,168,,B02719
B02728,01-01-2021 00:25,01-01-2021 00:46,,74,,B02728
B02728,01-01-2021 00:59,01-01-2021 01:11,,159,,B02728
B02728,01-01-2021 00:31,01-01-2021 00:48,,81,,B02728
B02728,01-01-2021 00:55,01-01-2021 01:14,,259,,B02728
B02735,01-01-2021 00:07,01-01-2021 01:10,,265,,B02880
B02735,01-01-2021 00:21,01-01-2021 00:38,,74,,B02884
B02735,01-01-2021 00:50,01-01-2021 01:16,,10,,B02884
B02735,01-01-2021 00:19,01-01-2021 00:41,,167,,B02800
B02735,01-01-2021 00:58,01-01-2021 01:16,,74,,B02800
B02735,01-01-2021 00:00,01-01-2021 00:05,,254,,B01233
B02735,01-01-2021 00:12,01-01-2021 00:22,,254,,B01233
B02735,01-01-2021 00:54,01-01-2021 01:14,,244,,B02764
B02735,01-01-2021 00:59,01-01-2021 01:25,,81,,B02864
B02735,01-01-2021 00:41,01-01-2021 01:04,,126,,B02864
B02735,01-01-2021 00:17,01-01-2021 00:29,,259,,B02765
B02735,01-01-2021 00:38,01-01-2021 00:42,,254,,B02765
B02735,01-01-2021 00:59,01-01-2021 01:03,,3,,B02765
B02735,01-01-2021 00:51,01-01-2021 00:56,,254,,B03279
B02735,01-01-2021 00:24,01-01-2021 00:46,,259,,B02800
B02735,01-01-2021 00:53,01-01-2021 01:13,,94,,B02800
B02735,01-01-2021 00:09,01-01-2021 00:18,,18,,B02883
B02735,01-01-2021 00:35,01-01-2021 00:50,,81,,B02872
B02735,01-01-2021 00:57,01-01-2021 01:06,,259,,B02872
B02762,01-01-2021 00:14,01-01-2021 01:01,,,,B02762
B02794,01-01-2021 00:09,01-01-2021 00:12,,17,,B02682
B02794,01-01-2021 00:16,01-01-2021 00:28,,61,,B02682
B02794,01-01-2021 00:45,01-01-2021 00:53,,177,,B02682
B02794,01-01-2021 00:56,01-01-2021 01:06,,188,,B02682
B02794,01-01-2021 00:14,01-01-2021 00:19,,17,,B02882
B02794,01-01-2021 00:29,01-01-2021 00:45,,61,,B02882
B02794,01-01-2021 00:49,01-01-2021 00:58,,49,,B02882
B02794,01-01-2021 00:41,01-01-2021 00:47,,71,,B02889
B02794,01-01-2021 00:54,01-01-2021 01:09,,177,,B02889
B02794,01-01-2021 00:17,01-01-2021 00:51,,10,,B03260
B02794,01-01-2021 00:06,01-01-2021 00:16,,61,,B02682
B02794,01-01-2021 00:18,01-01-2021 00:29,,72,,B02682
B02794,01-01-2021 00:40,01-01-2021 00:48,,62,,B02682
B02794,01-01-2021 00:53,01-01-2021 01:14,,39,,B02682
B02794,01-01-2021 00:28,01-01-2021 00:57,,228,,B02617
B02794,01-01-2021 00:46,01-01-2021 00:55,,17,,B02871
B02794,01-01-2021 00:58,01-01-2021 01:03,,97,,B02871
B02794,01-01-2021 00:34,01-01-2021 00:41,,35,,B03136
B02794,01-01-2021 00:45,01-01-2021 00:56,,188,,B03136
B02794,01-01-2021 00:16,01-01-2021 00:29,,225,,B02932
B02794,01-01-2021 00:10,01-01-2021 00:24,,61,,B02955
B02794,01-01-2021 00:15,01-01-2021 00:39,,76,,B01848
B02794,01-01-2021 00:55,01-01-2021 01:04,,77,,B01848
B02794,01-01-2021 00:17,01-01-2021 00:31,,63,,B02876
B02794,01-01-2021 00:39,01-01-2021 00:49,,177,,B02876
B02794,01-01-2021 00:59,01-01-2021 01:07,,61,,B02876
B02794,01-01-2021 00:16,01-01-2021 00:22,,61,,B03136
B02794,01-01-2021 00:30,01-01-2021 00:36,,61,,B03136
B02794,01-01-2021 00:44,01-01-2021 01:03,,39,,B03136
B02794,01-01-2021 00:13,01-01-2021 00:47,,233,,B02955
B02794,01-01-2021 00:06,01-01-2021 00:26,,85,,B02888
B02794,01-01-2021 00:45,01-01-2021 01:03,,17,,B02888
B02794,01-01-2021 00:29,01-01-2021 00:36,,49,,B02882
B02794,01-01-2021 00:47,01-01-2021 01:12,,123,,B02882
B02794,01-01-2021 00:21,01-01-2021 00:37,,71,,B02219
B02794,01-01-2021 00:43,01-01-2021 00:52,,61,,B02219
B02794,01-01-2021 00:28,01-01-2021 00:37,,61,,B02875
B02794,01-01-2021 00:12,01-01-2021 00:16,,77,,B02888
B02794,01-01-2021 00:59,01-01-2021 01:02,,225,,B02888
B02794,01-01-2021 00:40,01-01-2021 00:53,,35,,B02520
B02794,01-01-2021 00:29,01-01-2021 00:43,,225,,B02682
B02794,01-01-2021 00:57,01-01-2021 01:03,,17,,B02682
B02794,01-01-2021 00:26,01-01-2021 00:36,,61,,B02847
B02794,01-01-2021 00:45,01-01-2021 00:48,,61,,B02847
B02794,01-01-2021 00:03,01-01-2021 00:24,,177,,B02765
B02794,01-01-2021 00:28,01-01-2021 00:34,,61,,B02765
B02794,01-01-2021 00:37,01-01-2021 00:47,,17,,B02765
B02794,01-01-2021 00:53,01-01-2021 01:06,,37,,B02765
B02794,01-01-2021 00:20,01-01-2021 00:48,,122,,B03283
B02794,01-01-2021 00:17,01-01-2021 00:38,,76,,B02794
B02794,01-01-2021 00:41,01-01-2021 01:02,,71,,B02794
B02794,01-01-2021 00:33,01-01-2021 00:44,,72,,B01454
B02794,01-01-2021 00:59,01-01-2021 01:16,,62,,B01454
B02794,01-01-2021 00:03,01-01-2021 00:11,,225,,B02875
B02794,01-01-2021 00:27,01-01-2021 00:41,,35,,B02875
B02794,01-01-2021 00:51,01-01-2021 01:08,,17,,B02875
B02794,01-01-2021 00:31,01-01-2021 00:41,,85,,B02453
B02794,01-01-2021 00:46,01-01-2021 00:59,,35,,B02453
B02794,01-01-2021 00:10,01-01-2021 00:19,,61,,B01343
B02794,01-01-2021 00:34,01-01-2021 00:37,,225,,B01343
B02794,01-01-2021 00:43,01-01-2021 01:02,,76,,B01343
B02794,01-01-2021 00:06,01-01-2021 00:23,,225,,B02878
B02794,01-01-2021 00:56,01-01-2021 01:18,,25,,B02878
B02794,01-01-2021 00:08,01-01-2021 00:36,,61,,B02887
B02794,01-01-2021 00:13,01-01-2021 00:21,,61,,B03142
B02794,01-01-2021 00:30,01-01-2021 00:46,,91,,B03142
B02794,01-01-2021 00:28,01-01-2021 00:35,,72,,B02988
B02799,01-01-2021 00:50,01-01-2021 00:54,,133,,B02799
B02814,01-01-2021 00:22,01-01-2021 00:28,,228,,B02814
B02814,01-01-2021 00:39,01-01-2021 00:43,,228,,B02814
B02814,01-01-2021 00:23,01-01-2021 00:33,,227,,B02814
B02814,01-01-2021 00:57,01-01-2021 01:03,,228,,B02814
B02825,01-01-2021 00:23,01-01-2021 00:26,,22,,B02825
B02826,01-01-2021 00:00,01-01-2021 00:18,,39,,B02826
B02826,01-01-2021 00:55,01-01-2021 00:55,,258,,B02826
B02838,01-01-2021 00:19,01-01-2021 00:41,,14,,B02838
B02838,01-01-2021 00:48,01-01-2021 01:03,,22,,B02838
B02838,01-01-2021 00:31,01-01-2021 00:34,,22,,B02838
B02838,01-01-2021 00:52,01-01-2021 00:59,,22,,B02838
B02849,01-01-2021 00:52,01-01-2021 00:57,,17,,B02849
B02849,01-01-2021 00:15,01-01-2021 00:22,,17,,B02849
B02849,01-01-2021 00:09,01-01-2021 00:14,,17,,B02849
B02849,01-01-2021 00:20,01-01-2021 00:27,,80,,B02849
B02902,01-01-2021 00:00,01-01-2021 00:07,,173,,B02872
B02902,01-01-2021 00:13,01-01-2021 00:20,,173,,B02872
B02902,01-01-2021 00:28,01-01-2021 00:47,,146,,B02872
B02902,01-01-2021 00:30,01-01-2021 00:31,,56,,B03152
B02902,01-01-2021 00:44,01-01-2021 01:04,,20,,B03152
B02902,01-01-2021 00:04,01-01-2021 00:21,,198,,B02902
B02902,01-01-2021 00:29,01-01-2021 00:41,,36,,B02902
B02902,01-01-2021 00:44,01-01-2021 01:04,,63,,B02902
B02902,01-01-2021 00:05,01-01-2021 00:13,,216,,B03036
B02902,01-01-2021 00:32,01-01-2021 00:38,,173,,B03036
B02902,01-01-2021 00:45,01-01-2021 00:56,,173,,B03036
B02902,01-01-2021 00:37,01-01-2021 00:45,,61,,B02880
B02902,01-01-2021 00:51,01-01-2021 01:02,,85,,B02880
B02902,01-01-2021 00:06,01-01-2021 00:19,,72,,B02876
B02902,01-01-2021 00:23,01-01-2021 00:49,,47,,B02882
B02902,01-01-2021 00:52,01-01-2021 01:03,,47,,B02882
B02902,01-01-2021 00:41,01-01-2021 00:42,,225,,B02765
B02902,01-01-2021 00:47,01-01-2021 01:15,,63,,B02765
B02902,01-01-2021 00:50,01-01-2021 01:03,,129,,B02765
B02902,01-01-2021 00:20,01-01-2021 00:32,,177,,B02888
B02902,01-01-2021 00:38,01-01-2021 00:47,,61,,B02888
B02909,01-01-2021 00:13,01-01-2021 00:22,,198,,B02909
B02917,01-01-2021 00:40,01-01-2021 00:56,,18,,B02917
B02930,01-01-2021 00:46,01-01-2021 00:49,,182,,B02930
B02930,01-01-2021 00:54,01-01-2021 01:11,,18,,B02930
B02930,01-01-2021 00:14,01-01-2021 00:26,,47,,B02930
B02930,01-01-2021 00:31,01-01-2021 00:34,,169,,B02930
B02930,01-01-2021 00:41,01-01-2021 00:59,,78,,B02930
B02968,01-01-2021 00:54,01-01-2021 00:59,,60,,B02968
B03016,01-01-2021 00:07,01-01-2021 01:10,,265,,B02880
B03016,01-01-2021 00:21,01-01-2021 00:38,,74,,B02884
B03016,01-01-2021 00:50,01-01-2021 01:16,,10,,B02884
B03016,01-01-2021 00:55,01-01-2021 01:19,,265,,B03016
B03016,01-01-2021 00:07,01-01-2021 00:29,,81,,B03016
B03016,01-01-2021 00:58,01-01-2021 01:06,,254,,B03016
B03016,01-01-2021 00:19,01-01-2021 00:41,,167,,B02800
B03016,01-01-2021 00:58,01-01-2021 01:16,,74,,B02800
B03016,01-01-2021 00:00,01-01-2021 00:05,,254,,B01233
B03016,01-01-2021 00:12,01-01-2021 00:22,,254,,B01233
B03016,01-01-2021 00:54,01-01-2021 01:14,,244,,B02764
B03016,01-01-2021 00:22,01-01-2021 00:27,,51,,B03016
B03016,01-01-2021 00:57,01-01-2021 01:14,,174,,B03016
B03016,01-01-2021 00:58,01-01-2021 01:16,,259,,B03016
B03016,01-01-2021 00:59,01-01-2021 01:25,,81,,B02864
B03016,01-01-2021 00:41,01-01-2021 01:04,,126,,B02864
B03016,01-01-2021 00:17,01-01-2021 00:29,,259,,B02765
B03016,01-01-2021 00:38,01-01-2021 00:42,,254,,B02765
B03016,01-01-2021 00:59,01-01-2021 01:03,,3,,B02765
B03016,01-01-2021 00:26,01-01-2021 00:37,,254,,B03016
B03016,01-01-2021 00:50,01-01-2021 01:16,,215,,B03016
B03016,01-01-2021 00:07,01-01-2021 00:20,,265,,B03016
B03016,01-01-2021 00:51,01-01-2021 00:56,,254,,B03279
B03016,01-01-2021 00:24,01-01-2021 00:46,,259,,B02800
B03016,01-01-2021 00:53,01-01-2021 01:13,,94,,B02800
B03016,01-01-2021 00:09,01-01-2021 00:18,,18,,B02883
B03016,01-01-2021 00:35,01-01-2021 00:50,,81,,B02872
B03016,01-01-2021 00:57,01-01-2021 01:06,,259,,B02872
B03041,01-01-2021 00:12,01-01-2021 00:44,,76,,B03041
B03041,01-01-2021 00:10,01-01-2021 00:39,,228,,B03041
B03041,01-01-2021 00:40,01-01-2021 00:52,,14,,B03041
B03041,01-01-2021 00:57,01-01-2021 01:10,,22,,B03041
B03046,01-01-2021 00:13,01-01-2021 00:30,115,245,,B03046
B03046,01-01-2021 00:15,01-01-2021 00:42,245,221,,B03046
B03046,01-01-2021 00:16,01-01-2021 00:36,221,115,,B03046
B03046,01-01-2021 00:28,01-01-2021 00:56,115,206,,B03046
B03046,01-01-2021 00:46,01-01-2021 00:59,221,214,,B03046
B03046,01-01-2021 00:28,01-01-2021 00:50,221,206,,B03046
B03046,01-01-2021 00:35,01-01-2021 01:19,115,245,,B03046
B03046,01-01-2021 00:00,01-01-2021 00:29,115,115,,B03046
B03046,01-01-2021 00:20,01-01-2021 00:44,221,206,,B03046
B03046,01-01-2021 00:49,01-01-2021 01:17,206,156,,B03046
B03051,01-01-2021 00:36,01-01-2021 00:40,,37,,B03051
B03051,01-01-2021 00:54,01-01-2021 00:57,,198,,B03051
B03051,01-01-2021 00:17,01-01-2021 00:20,,177,,B03051
B03051,01-01-2021 00:31,01-01-2021 00:42,,225,,B03051
B03051,01-01-2021 00:46,01-01-2021 00:57,,63,,B03051
B03060,01-01-2021 00:17,01-01-2021 00:24,,149,,B03060
B03060,01-01-2021 00:53,01-01-2021 01:02,,108,,B03060
B03060,01-01-2021 00:17,01-01-2021 00:21,,210,,B03060
B03060,01-01-2021 00:41,01-01-2021 00:56,,89,,B03060
B03060,01-01-2021 00:21,01-01-2021 00:37,,89,,B03060
B03060,01-01-2021 00:52,01-01-2021 01:01,,123,,B03060
B03092,01-01-2021 00:15,01-01-2021 00:44,,,,B03092
B03092,01-01-2021 00:45,01-01-2021 01:10,,,,B03092
B03117,01-01-2021 00:16,01-01-2021 00:26,,159,,B03117
B03117,01-01-2021 00:36,01-01-2021 00:42,,168,,B03117
B03117,01-01-2021 00:43,01-01-2021 00:49,,159,,B03117
B03117,01-01-2021 00:55,01-01-2021 01:06,,168,,B03117
B03147,01-01-2021 00:19,01-01-2021 00:20,56,53,,B03147
B03171,01-01-2021 00:15,01-01-2021 00:26,,173,,B01455
B03171,01-01-2021 00:28,01-01-2021 00:31,,129,,B03290
B03171,01-01-2021 00:25,01-01-2021 00:29,,56,,B03171
B03171,01-01-2021 00:51,01-01-2021 00:55,,173,,B03171
B03171,01-01-2021 00:21,01-01-2021 00:28,,70,,B01455
B03174,01-01-2021 00:07,01-01-2021 00:21,,168,,B03174
B03174,01-01-2021 00:59,01-01-2021 01:15,,169,,B03174
B03177,01-01-2021 00:53,01-01-2021 01:01,,17,,B03177
B03177,01-01-2021 00:47,01-01-2021 00:55,,36,,B03177
B03239,01-01-2021 00:05,01-01-2021 00:14,,173,,B03239
B03239,01-01-2021 00:19,01-01-2021 00:38,,70,,B03239
B03266,01-01-2021 00:52,01-01-2021 01:01,223,223,,B03266
B03266,01-01-2021 00:58,01-01-2021 01:06,7,7,,B03266
B03268         ,01-01-2021 00:37,01-01-2021 00:50,17,206,,B03268         
B03269,01-01-2021 00:24,01-01-2021 01:13,132,231,,B02835
B03299,01-01-2021 00:19,01-01-2021 00:28,,188,,B03299
B03299,01-01-2021 00:43,01-01-2021 00:48,,71,,B03299
B03299,01-01-2021 00:58,01-01-2021 01:17,,189,,B03299
B00009,01-01-2021 01:57,01-01-2021 02:41,,,,B00009
B00009,01-01-2021 01:45,01-01-2021 01:56,,,,B00009
B00009,01-01-2021 01:06,01-01-2021 01:18,,,,B00009
B00037,01-01-2021 01:51,01-01-2021 01:55,,85,,B00037
B00037,01-01-2021 01:51,01-01-2021 02:10,,77,,B00037
B00037,01-01-2021 01:23,01-01-2021 01:28,,61,,B00037
B00037,01-01-2021 01:46,01-01-2021 01:52,,76,,B00037
B00053,01-01-2021 01:10,01-01-2021 01:13,,,,B00053
B00053,01-01-2021 01:30,01-01-2021 03:18,,,,B00053
B00095,01-01-2021 01:22,01-01-2021 01:29,,36,,B00095
B00095,01-01-2021 01:33,01-01-2021 01:37,,198,,B00095
B00095,01-01-2021 01:52,01-01-2021 01:56,,36,,B00095
B00111,01-01-2021 01:00,01-01-2021 01:31,,,,B00111
B00112,01-01-2021 01:19,01-01-2021 01:38,,133,,B00112
B00112,01-01-2021 01:51,01-01-2021 02:07,,14,,B00112
B00112,01-01-2021 01:11,01-01-2021 01:15,,14,,B00112
B00112,01-01-2021 01:24,01-01-2021 01:25,,14,,B00112
B00112,01-01-2021 01:55,01-01-2021 02:04,,14,,B00112
B00112,01-01-2021 01:48,01-01-2021 01:57,,14,,B00112
B00112,01-01-2021 01:56,01-01-2021 01:56,,14,,B00112
B00112,01-01-2021 01:17,01-01-2021 01:28,,22,,B00112
B00131,01-01-2021 01:02,01-01-2021 01:02,,49,,B00131
B00131,01-01-2021 01:32,01-01-2021 01:32,,63,,B00131
B00131,01-01-2021 01:50,01-01-2021 01:50,,77,,B00131
B00131,01-01-2021 01:56,01-01-2021 02:09,,72,,B00131
B00149,01-01-2021 01:17,01-01-2021 01:34,,181,,B00149
B00149,01-01-2021 01:59,01-01-2021 02:03,,49,,B00149
B00149,01-01-2021 01:18,01-01-2021 01:33,,225,,B00149
B00149,01-01-2021 01:02,01-01-2021 01:17,,49,,B00149
B00149,01-01-2021 01:26,01-01-2021 01:31,,61,,B00149
B00149,01-01-2021 01:41,01-01-2021 02:01,,76,,B00149
B00221,01-01-2021 01:20,01-01-2021 01:20,,228,,B00221
B00221,01-01-2021 01:55,01-01-2021 01:55,,228,,B00221
B00221,01-01-2021 01:03,01-01-2021 01:19,,228,,B00221
B00221,01-01-2021 01:32,01-01-2021 01:34,,228,,B00221
B00221,01-01-2021 01:01,01-01-2021 01:29,,14,,B00221
B00221,01-01-2021 01:55,01-01-2021 02:03,,261,,B00221
B00225,01-01-2021 01:19,01-01-2021 01:27,,76,,B00053
B00225,01-01-2021 01:35,01-01-2021 02:09,,195,,B00053
B00225,01-01-2021 01:59,01-01-2021 02:04,,130,,B02876
B00225,01-01-2021 01:10,01-01-2021 01:30,,232,,B02682
B00225,01-01-2021 01:13,01-01-2021 01:48,,139,,B02878
B00225,01-01-2021 01:54,01-01-2021 02:03,,139,,B02878
B00225,01-01-2021 01:32,01-01-2021 01:56,,35,,B02884
B00225,01-01-2021 01:17,01-01-2021 01:34,,17,,B02765
B00225,01-01-2021 01:44,01-01-2021 02:20,,179,,B02765
B00254,01-01-2021 01:35,01-01-2021 01:39,233,140,,B02970
B00256,01-01-2021 01:32,01-01-2021 01:55,,,,B00256
B00256,01-01-2021 01:30,01-01-2021 01:50,,,,B00256
B00256,01-01-2021 01:15,01-01-2021 01:54,,,,B00256
B00256,01-01-2021 01:09,01-01-2021 01:36,,,,B00256
B00256,01-01-2021 01:54,01-01-2021 02:12,,,,B00256
B00256,01-01-2021 01:28,01-01-2021 02:11,,,,B00256
B00310,01-01-2021 01:24,01-01-2021 01:36,,94,,B00310
B00310,01-01-2021 01:43,01-01-2021 02:00,,94,,B00310
B00310,01-01-2021 01:24,01-01-2021 01:35,,248,,B00310
B00310,01-01-2021 01:43,01-01-2021 01:55,,81,,B00310
B00310,01-01-2021 01:48,01-01-2021 01:50,,212,,B02875
B00310,01-01-2021 01:55,01-01-2021 02:08,,169,,B02875
B00310,01-01-2021 01:34,01-01-2021 01:45,,248,,B02878
B00310,01-01-2021 01:50,01-01-2021 01:54,,248,,B02878
B00310,01-01-2021 01:58,01-01-2021 02:21,,248,,B02878
B00310,01-01-2021 01:10,01-01-2021 01:25,,136,,B02864
B00310,01-01-2021 01:31,01-01-2021 01:48,,159,,B02864
B00310,01-01-2021 01:56,01-01-2021 01:59,,159,,B02864
B00310,01-01-2021 01:15,01-01-2021 01:21,,213,,B02864
B00310,01-01-2021 01:06,01-01-2021 01:25,,136,,B00310
B00310,01-01-2021 01:34,01-01-2021 01:45,,174,,B00310
B00310,01-01-2021 01:34,01-01-2021 01:51,,198,,B02880
B00310,01-01-2021 01:56,01-01-2021 02:02,,36,,B02880
B00310,01-01-2021 01:03,01-01-2021 01:13,,168,,B02864
B00310,01-01-2021 01:17,01-01-2021 01:45,,250,,B02864
B00310,01-01-2021 01:03,01-01-2021 01:14,,247,,B02878
B00310,01-01-2021 01:21,01-01-2021 01:34,,69,,B02878
B00310,01-01-2021 01:41,01-01-2021 01:45,,212,,B02878
B00310,01-01-2021 01:50,01-01-2021 01:55,,212,,B02878
B00310,01-01-2021 01:10,01-01-2021 01:15,,60,,B02847
B00310,01-01-2021 01:34,01-01-2021 01:47,,47,,B03036
B00310,01-01-2021 01:00,01-01-2021 01:18,,213,,B02875
B00310,01-01-2021 01:21,01-01-2021 01:47,,247,,B02875
B00310,01-01-2021 01:52,01-01-2021 02:08,,60,,B02875
B00310,01-01-2021 01:49,01-01-2021 01:55,,248,,B02879
B00350,01-01-2021 01:10,01-01-2021 01:33,,130,,B03085
B00350,01-01-2021 01:51,01-01-2021 01:55,,135,,B03085
B00350,01-01-2021 01:14,01-01-2021 01:24,,82,,B03085
B00350,01-01-2021 01:07,01-01-2021 01:13,,129,,B00350
B00350,01-01-2021 01:19,01-01-2021 01:23,,173,,B00350
B00350,01-01-2021 01:36,01-01-2021 02:10,,22,,B00350
B00350,01-01-2021 01:31,01-01-2021 01:43,,173,,B00350
B00350,01-01-2021 01:50,01-01-2021 02:04,,171,,B00350
B00419,01-01-2021 01:19,01-01-2021 01:19,208,208,,B00419
B00419,01-01-2021 01:36,01-01-2021 01:37,265,265,,B00419
B00419,01-01-2021 01:51,01-01-2021 01:51,51,51,,B00419
B00419,01-01-2021 01:59,01-01-2021 01:59,81,81,,B00419
B00445,01-01-2021 01:01,01-01-2021 01:13,135,92,,B00445
B00445,01-01-2021 01:38,01-01-2021 02:08,121,92,,B00445
B00449,01-01-2021 01:11,01-01-2021 01:26,29,,,B01751
B00449,01-01-2021 01:34,01-01-2021 01:39,21,,,B01751
B00457,01-01-2021 01:23,01-01-2021 01:28,,69,,B00457
B00457,01-01-2021 01:51,01-01-2021 02:00,,243,,B00457
B00457,01-01-2021 01:49,01-01-2021 02:13,,48,,B00457
B00625         ,01-01-2021 01:02,01-01-2021 01:50,129,252,,B00625         
B00625         ,01-01-2021 01:27,01-01-2021 01:35,70,70,,B00625         
B00647,01-01-2021 01:03,01-01-2021 01:18,,235,,B00647
B00647,01-01-2021 01:59,01-01-2021 02:02,,185,,B00647
B00647,01-01-2021 01:08,01-01-2021 01:27,,136,,B00647
B00647,01-01-2021 01:35,01-01-2021 01:57,,167,,B00647
B00647,01-01-2021 01:00,01-01-2021 01:15,,18,,B00647
B00652,01-01-2021 01:56,01-01-2021 02:03,35,35,,B00652
B00706,01-01-2021 01:13,01-01-2021 01:15,206,206,,B00706
B00706,01-01-2021 01:31,01-01-2021 01:40,206,221,,B00706
B00706,01-01-2021 01:53,01-01-2021 02:09,206,115,,B00706
B00706,01-01-2021 01:36,01-01-2021 03:08,206,168,,B00706
B00706,01-01-2021 01:09,01-01-2021 01:09,206,206,,B00706
B00706,01-01-2021 01:19,01-01-2021 01:35,221,214,,B00706
B00706,01-01-2021 01:58,01-01-2021 02:21,221,6,,B00706
B00706,01-01-2021 01:05,01-01-2021 01:09,206,187,,B00706
B00706,01-01-2021 01:41,01-01-2021 01:50,206,206,,B00706
B00706,01-01-2021 01:03,01-01-2021 01:12,221,115,,B00706
B00706,01-01-2021 01:19,01-01-2021 01:24,221,206,,B00706
B00706,01-01-2021 01:35,01-01-2021 01:39,206,206,,B00706
B00706,01-01-2021 01:44,01-01-2021 02:03,206,214,,B00706
B00706,01-01-2021 01:17,01-01-2021 01:33,206,156,,B00706
B00706,01-01-2021 01:58,01-01-2021 02:05,206,221,,B00706
B00706,01-01-2021 01:17,01-01-2021 01:22,206,221,,B00706
B00706,01-01-2021 01:19,01-01-2021 01:25,206,206,,B00706
B00706,01-01-2021 01:50,01-01-2021 01:56,206,221,,B00706
B00756,01-01-2021 01:10,01-01-2021 01:18,,,,B00756
B00756,01-01-2021 01:45,01-01-2021 01:59,,,,B02872
B00756,01-01-2021 01:35,01-01-2021 01:55,,,,B02872
B00789,01-01-2021 01:52,01-01-2021 02:47,,,,B00789
B00811,01-01-2021 01:35,01-01-2021 01:41,,119,,B00811
B00811,01-01-2021 01:42,01-01-2021 01:58,,152,,B00811
B00811,01-01-2021 01:08,01-01-2021 01:20,,69,,B00811
B00811,01-01-2021 01:24,01-01-2021 01:41,,247,,B00811
B00811,01-01-2021 01:56,01-01-2021 02:05,,47,,B00811
B00811,01-01-2021 01:03,01-01-2021 01:06,,60,,B00811
B00811,01-01-2021 01:11,01-01-2021 01:25,,259,,B00811
B00811,01-01-2021 01:38,01-01-2021 01:46,,174,,B00811
B00811,01-01-2021 01:58,01-01-2021 02:14,,147,,B00811
B00821,01-01-2021 01:09,01-01-2021 01:16,,76,,B00821
B00821,01-01-2021 01:28,01-01-2021 01:34,,76,,B00821
B00821,01-01-2021 01:43,01-01-2021 01:51,,76,,B00821
B00821,01-01-2021 01:04,01-01-2021 01:11,,258,,B00821
B00821,01-01-2021 01:22,01-01-2021 01:42,,82,,B00821
B00821,01-01-2021 01:52,01-01-2021 02:11,,258,,B00821
B00821,01-01-2021 01:20,01-01-2021 01:24,,63,,B01469
B00821,01-01-2021 01:30,01-01-2021 01:37,,76,,B01469
B00821,01-01-2021 01:07,01-01-2021 01:09,,76,,B02765
B00821,01-01-2021 01:18,01-01-2021 01:37,,80,,B02765
B00821,01-01-2021 01:47,01-01-2021 02:04,,77,,B02765
B00821,01-01-2021 01:00,01-01-2021 01:03,,63,,B03255
B00821,01-01-2021 01:10,01-01-2021 01:24,,173,,B03255
B00821,01-01-2021 01:42,01-01-2021 01:45,,258,,B03255
B00821,01-01-2021 01:51,01-01-2021 02:00,,76,,B03255
B00821,01-01-2021 01:03,01-01-2021 01:30,,218,,B00821
B00821,01-01-2021 01:32,01-01-2021 01:48,,102,,B00821
B00823,01-01-2021 01:07,01-01-2021 01:30,106,,,B02207
B00823,01-01-2021 01:26,01-01-2021 01:59,40,148,,B02207
B00856,01-01-2021 01:25,01-01-2021 01:49,,76,,B02872
B00856,01-01-2021 01:19,01-01-2021 01:22,,77,,B01614
B00856,01-01-2021 01:38,01-01-2021 01:59,,265,,B02822
B00856,01-01-2021 01:02,01-01-2021 01:05,,35,,B02875
B00856,01-01-2021 01:13,01-01-2021 01:33,,225,,B02875
B00856,01-01-2021 01:34,01-01-2021 01:48,,35,,B02875
B00856,01-01-2021 01:54,01-01-2021 02:05,,76,,B02875
B00856,01-01-2021 01:08,01-01-2021 01:15,,89,,B00856
B00856,01-01-2021 01:09,01-01-2021 01:15,,63,,B03152
B00856,01-01-2021 01:21,01-01-2021 01:29,,197,,B03152
B00856,01-01-2021 01:32,01-01-2021 01:46,,258,,B03152
B00856,01-01-2021 01:07,01-01-2021 01:17,,35,,B02871
B00856,01-01-2021 01:22,01-01-2021 01:27,,72,,B02871
B00856,01-01-2021 01:35,01-01-2021 01:59,,61,,B02617
B00856,01-01-2021 01:41,01-01-2021 02:03,,225,,B02889
B00856,01-01-2021 01:08,01-01-2021 01:17,,225,,B01454
B00856,01-01-2021 01:25,01-01-2021 01:30,,77,,B01454
B00856,01-01-2021 01:38,01-01-2021 01:47,,222,,B01454
B00856,01-01-2021 01:52,01-01-2021 01:58,,39,,B01454
B00856,01-01-2021 01:20,01-01-2021 01:42,,98,,B02888
B00856,01-01-2021 01:23,01-01-2021 01:43,,35,,B02877
B00856,01-01-2021 01:25,01-01-2021 01:31,,197,,B03136
B00856,01-01-2021 01:38,01-01-2021 01:49,,218,,B03136
B00856,01-01-2021 01:57,01-01-2021 02:06,,130,,B03136
B00856,01-01-2021 01:10,01-01-2021 01:14,,76,,B02869
B00856,01-01-2021 01:12,01-01-2021 01:20,,17,,B02788
B00856,01-01-2021 01:24,01-01-2021 01:28,,80,,B02788
B00856,01-01-2021 01:34,01-01-2021 01:54,,89,,B02788
B00856,01-01-2021 01:00,01-01-2021 01:10,,35,,B02877
B00856,01-01-2021 01:33,01-01-2021 01:42,,177,,B02877
B00856,01-01-2021 01:48,01-01-2021 01:56,,188,,B02877
B00856,01-01-2021 01:23,01-01-2021 01:37,,35,,B02765
B00856,01-01-2021 01:45,01-01-2021 02:02,,80,,B02765
B00856,01-01-2021 01:52,01-01-2021 02:16,,89,,B02871
B00856,01-01-2021 01:19,01-01-2021 01:31,,72,,B02875
B00856,01-01-2021 01:37,01-01-2021 01:49,,71,,B02875
B00856,01-01-2021 01:10,01-01-2021 01:32,,130,,B02788
B00856,01-01-2021 01:56,01-01-2021 02:14,,17,,B02788
B00856,01-01-2021 01:31,01-01-2021 01:42,,61,,B02879
B00856,01-01-2021 01:50,01-01-2021 01:54,,61,,B02879
B00856,01-01-2021 01:58,01-01-2021 02:03,,177,,B02879
B00856,01-01-2021 01:06,01-01-2021 01:29,,225,,B02492
B00856,01-01-2021 01:33,01-01-2021 01:43,,17,,B02492
B00856,01-01-2021 01:54,01-01-2021 02:14,,91,,B02492
B00856,01-01-2021 01:38,01-01-2021 02:14,,61,,B02872
B00856,01-01-2021 01:19,01-01-2021 01:40,,177,,B02872
B00856,01-01-2021 01:59,01-01-2021 02:11,,72,,B02872
B00856,01-01-2021 01:18,01-01-2021 01:22,,130,,B03142
B00856,01-01-2021 01:27,01-01-2021 01:40,,76,,B02872
B00860,01-01-2021 01:21,01-01-2021 01:26,,200,,B00860
B00860,01-01-2021 01:32,01-01-2021 01:43,,136,,B00860
B00860,01-01-2021 01:50,01-01-2021 02:07,,47,,B00860
B00860,01-01-2021 01:10,01-01-2021 01:22,,244,,B00860
B00860,01-01-2021 01:27,01-01-2021 01:34,,241,,B00860
B00860,01-01-2021 01:14,01-01-2021 01:25,,18,,B00860
B00860,01-01-2021 01:36,01-01-2021 01:42,,235,,B00860
B00860,01-01-2021 01:55,01-01-2021 02:00,,18,,B00860
B00882,01-01-2021 01:19,01-01-2021 01:52,,265,,B00882
B00882,01-01-2021 01:19,01-01-2021 01:20,,168,,B00882
B00882,01-01-2021 01:02,01-01-2021 01:17,,159,,B00882
B00882,01-01-2021 01:42,01-01-2021 01:49,,74,,B00882
B00882,01-01-2021 01:02,01-01-2021 01:06,,212,,B00882
B00882,01-01-2021 01:57,01-01-2021 01:58,,42,,B00882
B00882,01-01-2021 01:01,01-01-2021 01:17,,212,,B00882
B00882,01-01-2021 01:32,01-01-2021 01:37,,126,,B00882
B00882,01-01-2021 01:46,01-01-2021 01:53,,159,,B00882
B00882,01-01-2021 01:11,01-01-2021 01:34,,81,,B00882
B00882,01-01-2021 01:58,01-01-2021 02:01,,247,,B00882
B00882,01-01-2021 01:20,01-01-2021 01:31,,168,,B00882
B00882,01-01-2021 01:39,01-01-2021 01:40,,168,,B00882
B00882,01-01-2021 01:50,01-01-2021 01:59,,42,,B00882
B00889         ,01-01-2021 01:43,01-01-2021 02:06,129,223,,B00889         
B00900,01-01-2021 01:28,01-01-2021 01:51,,215,,B00900
B00900,01-01-2021 01:32,01-01-2021 01:49,,197,,B00900
B00900,01-01-2021 01:39,01-01-2021 01:44,,197,,B00900
B00900,01-01-2021 01:03,01-01-2021 01:11,,95,,B00900
B00900,01-01-2021 01:34,01-01-2021 01:46,,63,,B00900
B00900,01-01-2021 01:37,01-01-2021 01:42,,197,,B00900
B00900,01-01-2021 01:51,01-01-2021 01:56,,258,,B00900
B00900,01-01-2021 01:07,01-01-2021 01:17,,258,,B00900
B00900,01-01-2021 01:30,01-01-2021 01:48,,197,,B00900
B00900,01-01-2021 01:02,01-01-2021 01:09,,216,,B00900
B00900,01-01-2021 01:16,01-01-2021 01:21,,197,,B00900
B00900,01-01-2021 01:27,01-01-2021 01:39,,96,,B00900
B00900,01-01-2021 01:58,01-01-2021 02:04,,258,,B00900
B00900,01-01-2021 01:14,01-01-2021 01:24,,197,,B00900
B00900,01-01-2021 01:31,01-01-2021 01:38,,197,,B00900
B00900,01-01-2021 01:46,01-01-2021 01:54,,180,,B00900
B00911,01-01-2021 01:26,01-01-2021 01:29,,78,,B00911
B00911,01-01-2021 01:48,01-01-2021 02:11,,47,,B00911
B00911,01-01-2021 01:09,01-01-2021 01:12,,20,,B00911
B00911,01-01-2021 01:16,01-01-2021 01:27,,248,,B00911
B00911,01-01-2021 01:21,01-01-2021 01:35,,32,,B00911
B00932,01-01-2021 01:10,01-01-2021 01:19,,35,,B00932
B00932,01-01-2021 01:25,01-01-2021 01:30,,76,,B00932
B00932,01-01-2021 01:45,01-01-2021 01:49,,35,,B00932
B00937,01-01-2021 01:07,01-01-2021 01:26,,244,,B00937
B00937,01-01-2021 01:07,01-01-2021 01:24,,94,,B00937
B00937,01-01-2021 01:30,01-01-2021 01:43,,74,,B00937
B00937,01-01-2021 01:09,01-01-2021 01:22,,159,,B00937
B00937,01-01-2021 01:02,01-01-2021 01:07,,243,,B00937
B00937,01-01-2021 01:14,01-01-2021 01:26,,241,,B00937
B00937,01-01-2021 01:32,01-01-2021 01:49,,166,,B00937
B00937,01-01-2021 01:13,01-01-2021 01:24,,235,,B00937
B00937,01-01-2021 01:44,01-01-2021 01:57,,94,,B00937
B00937,01-01-2021 01:05,01-01-2021 01:07,,243,,B00937
B00937,01-01-2021 01:29,01-01-2021 01:34,,247,,B00937
B00948,01-01-2021 01:28,01-01-2021 01:48,,80,,B00948
B01016,01-01-2021 01:18,01-01-2021 01:34,,17,,B02884
B01016,01-01-2021 01:43,01-01-2021 01:59,,77,,B02884
B01016,01-01-2021 01:01,01-01-2021 01:03,,76,,B01016
B01016,01-01-2021 01:20,01-01-2021 02:14,,219,,B01016
B01051,01-01-2021 01:02,01-01-2021 01:07,,213,,B01051
B01051,01-01-2021 01:23,01-01-2021 01:33,,250,,B01051
B01051,01-01-2021 01:49,01-01-2021 02:03,,47,,B01051
B01051,01-01-2021 01:01,01-01-2021 01:14,,182,,B01051
B01051,01-01-2021 01:12,01-01-2021 01:24,,126,,B01051
B01061,01-01-2021 01:14,01-01-2021 01:17,,213,,B01061
B01061,01-01-2021 01:20,01-01-2021 01:21,,213,,B01061
B01061,01-01-2021 01:55,01-01-2021 02:06,,119,,B01061
B01061,01-01-2021 01:21,01-01-2021 01:29,,78,,B01061
B01061,01-01-2021 01:33,01-01-2021 01:50,,69,,B01061
B01061,01-01-2021 01:44,01-01-2021 01:52,,247,,B01061
B01061,01-01-2021 01:10,01-01-2021 01:18,,208,,B01061
B01061,01-01-2021 01:40,01-01-2021 01:50,,213,,B01061
B01061,01-01-2021 01:00,01-01-2021 01:10,,213,,B01061
B01061,01-01-2021 01:12,01-01-2021 01:26,,254,,B01061
B01061,01-01-2021 01:31,01-01-2021 01:32,,254,,B01061
B01061,01-01-2021 01:40,01-01-2021 01:48,,20,,B01061
B01061,01-01-2021 01:51,01-01-2021 01:58,,169,,B01061
B01061,01-01-2021 01:31,01-01-2021 01:44,,159,,B01061
B01061,01-01-2021 01:09,01-01-2021 01:26,,174,,B01061
B01061,01-01-2021 01:41,01-01-2021 01:47,,240,,B01061
B01061,01-01-2021 01:53,01-01-2021 01:59,,31,,B01061
B01065,01-01-2021 01:09,01-01-2021 01:45,,169,,B01065
B01065,01-01-2021 01:59,01-01-2021 02:06,,42,,B01065
B01083,01-01-2021 01:48,01-01-2021 02:09,,3,,B01083
B01083,01-01-2021 01:03,01-01-2021 01:19,,31,,B01083
B01083,01-01-2021 01:32,01-01-2021 01:50,,42,,B01083
B01083,01-01-2021 01:10,01-01-2021 01:31,,136,,B01083
B01083,01-01-2021 01:34,01-01-2021 01:48,,169,,B01083
B01083,01-01-2021 01:59,01-01-2021 02:07,,244,,B01083
B01087,01-01-2021 01:38,01-01-2021 02:04,66,61,,B01087
B01087,01-01-2021 01:37,01-01-2021 01:53,66,181,,B01087
B01087,01-01-2021 01:43,01-01-2021 01:59,256,249,,B01183
B01087,01-01-2021 01:39,01-01-2021 01:55,66,228,,B03301
B01118,01-01-2021 01:05,01-01-2021 01:13,,35,,B02871
B01118,01-01-2021 01:19,01-01-2021 01:46,,89,,B02871
B01118,01-01-2021 01:07,01-01-2021 01:09,,189,,B02932
B01118,01-01-2021 01:40,01-01-2021 01:42,,89,,B02932
B01118,01-01-2021 01:15,01-01-2021 02:04,,91,,B02682
B01118,01-01-2021 01:29,01-01-2021 01:43,,49,,B02875
B01176         ,01-01-2021 01:40,01-01-2021 01:50,173,173,,B01176         
B01231,01-01-2021 01:02,01-01-2021 01:23,,173,,B00789
B01231,01-01-2021 01:44,01-01-2021 01:56,,36,,B00789
B01231,01-01-2021 01:05,01-01-2021 01:23,,258,,B02882
B01233,01-01-2021 01:37,01-01-2021 01:45,,32,,B01233
B01233,01-01-2021 01:20,01-01-2021 01:38,,78,,B01233
B01233,01-01-2021 01:53,01-01-2021 01:59,,81,,B01233
B01233,01-01-2021 01:56,01-01-2021 01:59,,254,,B01233
B01233,01-01-2021 01:23,01-01-2021 01:40,,60,,B01233
B01236,01-01-2021 01:02,01-01-2021 01:15,,,,B01236
B01239,01-01-2021 01:10,01-01-2021 01:16,,254,,B01239
B01239,01-01-2021 01:28,01-01-2021 01:34,,81,,B01239
B01239,01-01-2021 01:40,01-01-2021 01:50,,254,,B01239
B01239,01-01-2021 01:57,01-01-2021 02:05,,81,,B01239
B01239,01-01-2021 01:07,01-01-2021 01:14,,254,,B01233
B01239,01-01-2021 01:23,01-01-2021 01:28,,254,,B01233
B01239,01-01-2021 01:30,01-01-2021 01:43,,265,,B01233
B01239,01-01-2021 01:39,01-01-2021 01:44,,51,,B01239
B01239,01-01-2021 01:39,01-01-2021 01:56,,235,,B02864
B01239,01-01-2021 01:09,01-01-2021 01:29,,244,,B02864
B01239,01-01-2021 01:54,01-01-2021 02:06,,169,,B02864
B01239,01-01-2021 01:00,01-01-2021 01:16,,81,,B02759
B01239,01-01-2021 01:22,01-01-2021 01:26,,259,,B02765
B01239,01-01-2021 01:43,01-01-2021 01:53,,259,,B02765
B01239,01-01-2021 01:23,01-01-2021 01:30,,3,,B02866
B01239,01-01-2021 01:20,01-01-2021 01:36,,31,,B02870
B01239,01-01-2021 01:41,01-01-2021 02:03,,116,,B02870
B01239,01-01-2021 01:41,01-01-2021 02:07,,151,,B02869
B01239,01-01-2021 01:04,01-01-2021 01:04,,42,,B02844
B01239,01-01-2021 01:39,01-01-2021 01:56,,174,,B02800
B01239,01-01-2021 01:26,01-01-2021 01:32,,254,,B02883
B01239,01-01-2021 01:39,01-01-2021 01:54,,51,,B02883
B01239,01-01-2021 01:15,01-01-2021 01:32,,235,,B02872
B01239,01-01-2021 01:38,01-01-2021 01:52,,152,,B02872
B01239,01-01-2021 01:06,01-01-2021 01:41,,6,,B01239
B01285,01-01-2021 01:08,01-01-2021 01:23,,167,,B01285
B01285,01-01-2021 01:30,01-01-2021 01:40,,182,,B01285
B01285,01-01-2021 01:54,01-01-2021 02:07,,47,,B01285
B01285,01-01-2021 01:46,01-01-2021 01:59,,174,,B01285
B01300,01-01-2021 01:40,01-01-2021 01:49,,42,,B01300
B01300,01-01-2021 01:17,01-01-2021 01:22,,243,,B01300
B01312,01-01-2021 01:38,01-01-2021 01:45,,79,,B02877
B01312,01-01-2021 01:00,01-01-2021 01:11,,256,,B02401
B01312,01-01-2021 01:40,01-01-2021 01:41,,256,,B02401
B01312,01-01-2021 01:14,01-01-2021 01:20,,72,,B02836
B01312,01-01-2021 01:36,01-01-2021 01:37,,71,,B02836
B01312,01-01-2021 01:45,01-01-2021 01:46,,188,,B02836
B01312,01-01-2021 01:52,01-01-2021 01:59,,85,,B02836
B01312,01-01-2021 01:06,01-01-2021 01:08,,227,,B03136
B01312,01-01-2021 01:29,01-01-2021 01:31,,26,,B03136
B01312,01-01-2021 01:05,01-01-2021 01:43,,228,,B02887
B01312,01-01-2021 01:30,01-01-2021 01:58,,80,,B02550
B01315,01-01-2021 01:24,01-01-2021 01:42,,243,,B01315
B01315,01-01-2021 01:10,01-01-2021 01:13,,136,,B01315
B01315,01-01-2021 01:29,01-01-2021 01:45,,168,,B01315
